ISO-10303-21;
HEADER;
/* Generated by software containing ST-Developer
 * from STEP Tools, Inc. (www.steptools.com) 
 */
/* OPTION: using custom renumber hook */

FILE_DESCRIPTION(
/* description */ ('STEP AP242 Edition 2',
'CAx-IF Rec.Pracs.---Representation and Presentation of Product Manufa
cturing Information (PMI)---4.0---2014-10-13',
'CAx-IF Rec.Pracs.---3D Tessellated Geometry---0.4---2014-09-14','2;1',
'CAx-IF Rec.Pracs.---User Defined Attributes---1.5---2016-08-15'),
/* implementation_level */ '2;1');

FILE_NAME(
/* name */ 'v1 - v2_case',
/* time_stamp */ '2026-05-19T16:26:41Z',
/* author */ (''),
/* organization */ (''),
/* preprocessor_version */ 'ST-DEVELOPER v20',
/* originating_system */ 'ONSHAPE BY PTC INC, 1.215',
/* authorisation */ '  ');

FILE_SCHEMA (('AP242_MANAGED_MODEL_BASED_3D_ENGINEERING_MIM_LF { 1 0 10303 442 3 1 4 }'));
ENDSEC;

DATA;
#10=SHAPE_REPRESENTATION_RELATIONSHIP('','',#1939,#11);
#11=ADVANCED_BREP_SHAPE_REPRESENTATION('',(#1937),#3181);
#12=ELLIPSE('',#2075,0.00353553390593274,0.0025);
#13=ELLIPSE('',#2076,0.00353553390593274,0.0025);
#14=ELLIPSE('',#2078,0.00353553390593274,0.0025);
#15=ELLIPSE('',#2080,0.00353553390593274,0.0025);
#16=CYLINDRICAL_SURFACE('',#1961,0.0044);
#17=CYLINDRICAL_SURFACE('',#1970,0.0044);
#18=CYLINDRICAL_SURFACE('',#1975,0.006002565304253);
#19=CYLINDRICAL_SURFACE('',#1979,0.0044);
#20=CYLINDRICAL_SURFACE('',#1985,0.00800256530425297);
#21=CYLINDRICAL_SURFACE('',#1995,0.00800256530425302);
#22=CYLINDRICAL_SURFACE('',#2001,0.00800256530425299);
#23=CYLINDRICAL_SURFACE('',#2007,0.00800256530425299);
#24=CYLINDRICAL_SURFACE('',#2011,0.0024);
#25=CYLINDRICAL_SURFACE('',#2014,0.0024);
#26=CYLINDRICAL_SURFACE('',#2018,0.0024);
#27=CYLINDRICAL_SURFACE('',#2032,0.00165);
#28=CYLINDRICAL_SURFACE('',#2033,0.00165);
#29=CYLINDRICAL_SURFACE('',#2034,0.00165);
#30=CYLINDRICAL_SURFACE('',#2035,0.00610256530425301);
#31=CYLINDRICAL_SURFACE('',#2040,0.00610256530425298);
#32=CYLINDRICAL_SURFACE('',#2045,0.006102565304253);
#33=CYLINDRICAL_SURFACE('',#2050,0.00610256530425299);
#34=CYLINDRICAL_SURFACE('',#2056,0.00600256530425299);
#35=CYLINDRICAL_SURFACE('',#2060,0.006002565304253);
#36=CYLINDRICAL_SURFACE('',#2064,0.00600256530425301);
#37=CYLINDRICAL_SURFACE('',#2069,0.003);
#38=CYLINDRICAL_SURFACE('',#2070,0.003);
#39=CYLINDRICAL_SURFACE('',#2071,0.003);
#40=CYLINDRICAL_SURFACE('',#2072,0.003);
#41=CYLINDRICAL_SURFACE('',#2074,0.0025);
#42=CYLINDRICAL_SURFACE('',#2077,0.0025);
#43=CYLINDRICAL_SURFACE('',#2079,0.0025);
#44=CYLINDRICAL_SURFACE('',#2081,0.0025);
#45=CYLINDRICAL_SURFACE('',#2083,0.006002565304253);
#46=CYLINDRICAL_SURFACE('',#2088,0.00600256530425301);
#47=CYLINDRICAL_SURFACE('',#2093,0.006002565304253);
#48=CIRCLE('',#1944,0.00610256530425299);
#49=CIRCLE('',#1945,0.006102565304253);
#50=CIRCLE('',#1946,0.00610256530425298);
#51=CIRCLE('',#1947,0.00610256530425301);
#52=CIRCLE('',#1948,0.00600256530425301);
#53=CIRCLE('',#1949,0.006002565304253);
#54=CIRCLE('',#1950,0.006002565304253);
#55=CIRCLE('',#1951,0.006002565304253);
#56=CIRCLE('',#1953,0.00165);
#57=CIRCLE('',#1954,0.0044);
#58=CIRCLE('',#1955,0.00600256530425299);
#59=CIRCLE('',#1957,0.00165);
#60=CIRCLE('',#1958,0.00600256530425301);
#61=CIRCLE('',#1959,0.0044);
#62=CIRCLE('',#1962,0.0044);
#63=CIRCLE('',#1965,0.003);
#64=CIRCLE('',#1966,0.003);
#65=CIRCLE('',#1967,0.003);
#66=CIRCLE('',#1968,0.003);
#67=CIRCLE('',#1971,0.0044);
#68=CIRCLE('',#1976,0.00600256530425302);
#69=CIRCLE('',#1980,0.0044);
#70=CIRCLE('',#1981,0.0044);
#71=CIRCLE('',#1986,0.00800256530425297);
#72=CIRCLE('',#1987,0.00800256530425297);
#73=CIRCLE('',#1990,0.003);
#74=CIRCLE('',#1991,0.003);
#75=CIRCLE('',#1992,0.003);
#76=CIRCLE('',#1993,0.003);
#77=CIRCLE('',#1996,0.00800256530425302);
#78=CIRCLE('',#1997,0.00800256530425302);
#79=CIRCLE('',#2002,0.00800256530425299);
#80=CIRCLE('',#2003,0.00800256530425299);
#81=CIRCLE('',#2008,0.00800256530425299);
#82=CIRCLE('',#2009,0.00800256530425299);
#83=CIRCLE('',#2012,0.0024);
#84=CIRCLE('',#2013,0.0024);
#85=CIRCLE('',#2015,0.0024);
#86=CIRCLE('',#2016,0.0024);
#87=CIRCLE('',#2019,0.0024);
#88=CIRCLE('',#2020,0.0024);
#89=CIRCLE('',#2024,0.00165);
#90=CIRCLE('',#2026,0.00165);
#91=CIRCLE('',#2028,0.00165);
#92=CIRCLE('',#2030,0.006002565304253);
#93=CIRCLE('',#2031,0.00165);
#94=CIRCLE('',#2036,0.00610256530425301);
#95=CIRCLE('',#2041,0.00610256530425298);
#96=CIRCLE('',#2046,0.006102565304253);
#97=CIRCLE('',#2051,0.00610256530425299);
#98=CIRCLE('',#2057,0.00600256530425299);
#99=CIRCLE('',#2061,0.006002565304253);
#100=CIRCLE('',#2065,0.00600256530425301);
#101=CIRCLE('',#2084,0.006002565304253);
#102=CIRCLE('',#2089,0.00600256530425301);
#103=CIRCLE('',#2094,0.006002565304253);
#104=ORIENTED_EDGE('',*,*,#648,.T.);
#105=ORIENTED_EDGE('',*,*,#649,.T.);
#106=ORIENTED_EDGE('',*,*,#650,.F.);
#107=ORIENTED_EDGE('',*,*,#651,.T.);
#108=ORIENTED_EDGE('',*,*,#652,.T.);
#109=ORIENTED_EDGE('',*,*,#653,.T.);
#110=ORIENTED_EDGE('',*,*,#654,.F.);
#111=ORIENTED_EDGE('',*,*,#655,.F.);
#112=ORIENTED_EDGE('',*,*,#656,.F.);
#113=ORIENTED_EDGE('',*,*,#657,.F.);
#114=ORIENTED_EDGE('',*,*,#658,.F.);
#115=ORIENTED_EDGE('',*,*,#659,.F.);
#116=ORIENTED_EDGE('',*,*,#660,.F.);
#117=ORIENTED_EDGE('',*,*,#661,.F.);
#118=ORIENTED_EDGE('',*,*,#662,.F.);
#119=ORIENTED_EDGE('',*,*,#663,.F.);
#120=ORIENTED_EDGE('',*,*,#664,.F.);
#121=ORIENTED_EDGE('',*,*,#665,.F.);
#122=ORIENTED_EDGE('',*,*,#666,.F.);
#123=ORIENTED_EDGE('',*,*,#667,.F.);
#124=ORIENTED_EDGE('',*,*,#668,.F.);
#125=ORIENTED_EDGE('',*,*,#669,.F.);
#126=ORIENTED_EDGE('',*,*,#670,.F.);
#127=ORIENTED_EDGE('',*,*,#671,.F.);
#128=ORIENTED_EDGE('',*,*,#672,.F.);
#129=ORIENTED_EDGE('',*,*,#673,.F.);
#130=ORIENTED_EDGE('',*,*,#674,.T.);
#131=ORIENTED_EDGE('',*,*,#675,.T.);
#132=ORIENTED_EDGE('',*,*,#676,.T.);
#133=ORIENTED_EDGE('',*,*,#677,.F.);
#134=ORIENTED_EDGE('',*,*,#678,.T.);
#135=ORIENTED_EDGE('',*,*,#679,.T.);
#136=ORIENTED_EDGE('',*,*,#680,.T.);
#137=ORIENTED_EDGE('',*,*,#681,.F.);
#138=ORIENTED_EDGE('',*,*,#682,.F.);
#139=ORIENTED_EDGE('',*,*,#683,.F.);
#140=ORIENTED_EDGE('',*,*,#684,.F.);
#141=ORIENTED_EDGE('',*,*,#685,.F.);
#142=ORIENTED_EDGE('',*,*,#686,.F.);
#143=ORIENTED_EDGE('',*,*,#687,.F.);
#144=ORIENTED_EDGE('',*,*,#688,.T.);
#145=ORIENTED_EDGE('',*,*,#689,.T.);
#146=ORIENTED_EDGE('',*,*,#690,.T.);
#147=ORIENTED_EDGE('',*,*,#691,.F.);
#148=ORIENTED_EDGE('',*,*,#692,.F.);
#149=ORIENTED_EDGE('',*,*,#693,.F.);
#150=ORIENTED_EDGE('',*,*,#694,.T.);
#151=ORIENTED_EDGE('',*,*,#695,.T.);
#152=ORIENTED_EDGE('',*,*,#696,.T.);
#153=ORIENTED_EDGE('',*,*,#697,.T.);
#154=ORIENTED_EDGE('',*,*,#698,.F.);
#155=ORIENTED_EDGE('',*,*,#699,.T.);
#156=ORIENTED_EDGE('',*,*,#700,.T.);
#157=ORIENTED_EDGE('',*,*,#701,.T.);
#158=ORIENTED_EDGE('',*,*,#702,.T.);
#159=ORIENTED_EDGE('',*,*,#703,.T.);
#160=ORIENTED_EDGE('',*,*,#655,.T.);
#161=ORIENTED_EDGE('',*,*,#704,.F.);
#162=ORIENTED_EDGE('',*,*,#705,.T.);
#163=ORIENTED_EDGE('',*,*,#706,.T.);
#164=ORIENTED_EDGE('',*,*,#707,.T.);
#165=ORIENTED_EDGE('',*,*,#708,.T.);
#166=ORIENTED_EDGE('',*,*,#654,.T.);
#167=ORIENTED_EDGE('',*,*,#709,.T.);
#168=ORIENTED_EDGE('',*,*,#710,.F.);
#169=ORIENTED_EDGE('',*,*,#704,.T.);
#170=ORIENTED_EDGE('',*,*,#710,.T.);
#171=ORIENTED_EDGE('',*,*,#711,.T.);
#172=ORIENTED_EDGE('',*,*,#712,.F.);
#173=ORIENTED_EDGE('',*,*,#698,.T.);
#174=ORIENTED_EDGE('',*,*,#713,.F.);
#175=ORIENTED_EDGE('',*,*,#714,.T.);
#176=ORIENTED_EDGE('',*,*,#715,.T.);
#177=ORIENTED_EDGE('',*,*,#716,.T.);
#178=ORIENTED_EDGE('',*,*,#717,.T.);
#179=ORIENTED_EDGE('',*,*,#718,.T.);
#180=ORIENTED_EDGE('',*,*,#707,.F.);
#181=ORIENTED_EDGE('',*,*,#719,.T.);
#182=ORIENTED_EDGE('',*,*,#673,.T.);
#183=ORIENTED_EDGE('',*,*,#720,.F.);
#184=ORIENTED_EDGE('',*,*,#721,.F.);
#185=ORIENTED_EDGE('',*,*,#722,.F.);
#186=ORIENTED_EDGE('',*,*,#690,.F.);
#187=ORIENTED_EDGE('',*,*,#723,.F.);
#188=ORIENTED_EDGE('',*,*,#724,.T.);
#189=ORIENTED_EDGE('',*,*,#725,.T.);
#190=ORIENTED_EDGE('',*,*,#699,.F.);
#191=ORIENTED_EDGE('',*,*,#712,.T.);
#192=ORIENTED_EDGE('',*,*,#726,.T.);
#193=ORIENTED_EDGE('',*,*,#727,.T.);
#194=ORIENTED_EDGE('',*,*,#728,.F.);
#195=ORIENTED_EDGE('',*,*,#729,.F.);
#196=ORIENTED_EDGE('',*,*,#691,.T.);
#197=ORIENTED_EDGE('',*,*,#722,.T.);
#198=ORIENTED_EDGE('',*,*,#729,.T.);
#199=ORIENTED_EDGE('',*,*,#730,.T.);
#200=ORIENTED_EDGE('',*,*,#731,.F.);
#201=ORIENTED_EDGE('',*,*,#692,.T.);
#202=ORIENTED_EDGE('',*,*,#731,.T.);
#203=ORIENTED_EDGE('',*,*,#732,.T.);
#204=ORIENTED_EDGE('',*,*,#733,.F.);
#205=ORIENTED_EDGE('',*,*,#693,.T.);
#206=ORIENTED_EDGE('',*,*,#685,.T.);
#207=ORIENTED_EDGE('',*,*,#734,.F.);
#208=ORIENTED_EDGE('',*,*,#735,.F.);
#209=ORIENTED_EDGE('',*,*,#736,.F.);
#210=ORIENTED_EDGE('',*,*,#737,.T.);
#211=ORIENTED_EDGE('',*,*,#738,.T.);
#212=ORIENTED_EDGE('',*,*,#694,.F.);
#213=ORIENTED_EDGE('',*,*,#733,.T.);
#214=ORIENTED_EDGE('',*,*,#739,.F.);
#215=ORIENTED_EDGE('',*,*,#740,.T.);
#216=ORIENTED_EDGE('',*,*,#684,.T.);
#217=ORIENTED_EDGE('',*,*,#741,.F.);
#218=ORIENTED_EDGE('',*,*,#742,.F.);
#219=ORIENTED_EDGE('',*,*,#743,.F.);
#220=ORIENTED_EDGE('',*,*,#744,.T.);
#221=ORIENTED_EDGE('',*,*,#736,.T.);
#222=ORIENTED_EDGE('',*,*,#735,.T.);
#223=ORIENTED_EDGE('',*,*,#734,.T.);
#224=ORIENTED_EDGE('',*,*,#683,.T.);
#225=ORIENTED_EDGE('',*,*,#745,.F.);
#226=ORIENTED_EDGE('',*,*,#746,.F.);
#227=ORIENTED_EDGE('',*,*,#747,.F.);
#228=ORIENTED_EDGE('',*,*,#748,.F.);
#229=ORIENTED_EDGE('',*,*,#743,.T.);
#230=ORIENTED_EDGE('',*,*,#742,.T.);
#231=ORIENTED_EDGE('',*,*,#741,.T.);
#232=ORIENTED_EDGE('',*,*,#682,.T.);
#233=ORIENTED_EDGE('',*,*,#749,.F.);
#234=ORIENTED_EDGE('',*,*,#750,.F.);
#235=ORIENTED_EDGE('',*,*,#751,.F.);
#236=ORIENTED_EDGE('',*,*,#752,.T.);
#237=ORIENTED_EDGE('',*,*,#747,.T.);
#238=ORIENTED_EDGE('',*,*,#746,.T.);
#239=ORIENTED_EDGE('',*,*,#745,.T.);
#240=ORIENTED_EDGE('',*,*,#681,.T.);
#241=ORIENTED_EDGE('',*,*,#753,.F.);
#242=ORIENTED_EDGE('',*,*,#754,.T.);
#243=ORIENTED_EDGE('',*,*,#648,.F.);
#244=ORIENTED_EDGE('',*,*,#755,.F.);
#245=ORIENTED_EDGE('',*,*,#756,.F.);
#246=ORIENTED_EDGE('',*,*,#757,.T.);
#247=ORIENTED_EDGE('',*,*,#751,.T.);
#248=ORIENTED_EDGE('',*,*,#750,.T.);
#249=ORIENTED_EDGE('',*,*,#749,.T.);
#250=ORIENTED_EDGE('',*,*,#650,.T.);
#251=ORIENTED_EDGE('',*,*,#758,.T.);
#252=ORIENTED_EDGE('',*,*,#759,.F.);
#253=ORIENTED_EDGE('',*,*,#760,.T.);
#254=ORIENTED_EDGE('',*,*,#759,.T.);
#255=ORIENTED_EDGE('',*,*,#761,.T.);
#256=ORIENTED_EDGE('',*,*,#762,.F.);
#257=ORIENTED_EDGE('',*,*,#763,.T.);
#258=ORIENTED_EDGE('',*,*,#764,.T.);
#259=ORIENTED_EDGE('',*,*,#765,.T.);
#260=ORIENTED_EDGE('',*,*,#766,.T.);
#261=ORIENTED_EDGE('',*,*,#767,.T.);
#262=ORIENTED_EDGE('',*,*,#652,.F.);
#263=ORIENTED_EDGE('',*,*,#703,.F.);
#264=ORIENTED_EDGE('',*,*,#768,.F.);
#265=ORIENTED_EDGE('',*,*,#769,.T.);
#266=ORIENTED_EDGE('',*,*,#770,.T.);
#267=ORIENTED_EDGE('',*,*,#771,.F.);
#268=ORIENTED_EDGE('',*,*,#762,.T.);
#269=ORIENTED_EDGE('',*,*,#772,.T.);
#270=ORIENTED_EDGE('',*,*,#773,.T.);
#271=ORIENTED_EDGE('',*,*,#677,.T.);
#272=ORIENTED_EDGE('',*,*,#774,.F.);
#273=ORIENTED_EDGE('',*,*,#775,.T.);
#274=ORIENTED_EDGE('',*,*,#776,.T.);
#275=ORIENTED_EDGE('',*,*,#777,.F.);
#276=ORIENTED_EDGE('',*,*,#778,.F.);
#277=ORIENTED_EDGE('',*,*,#779,.T.);
#278=ORIENTED_EDGE('',*,*,#778,.T.);
#279=ORIENTED_EDGE('',*,*,#780,.F.);
#280=ORIENTED_EDGE('',*,*,#781,.F.);
#281=ORIENTED_EDGE('',*,*,#782,.T.);
#282=ORIENTED_EDGE('',*,*,#781,.T.);
#283=ORIENTED_EDGE('',*,*,#783,.F.);
#284=ORIENTED_EDGE('',*,*,#784,.F.);
#285=ORIENTED_EDGE('',*,*,#785,.T.);
#286=ORIENTED_EDGE('',*,*,#786,.F.);
#287=ORIENTED_EDGE('',*,*,#787,.T.);
#288=ORIENTED_EDGE('',*,*,#788,.T.);
#289=ORIENTED_EDGE('',*,*,#789,.T.);
#290=ORIENTED_EDGE('',*,*,#705,.F.);
#291=ORIENTED_EDGE('',*,*,#790,.T.);
#292=ORIENTED_EDGE('',*,*,#791,.F.);
#293=ORIENTED_EDGE('',*,*,#792,.T.);
#294=ORIENTED_EDGE('',*,*,#784,.T.);
#295=ORIENTED_EDGE('',*,*,#793,.F.);
#296=ORIENTED_EDGE('',*,*,#794,.F.);
#297=ORIENTED_EDGE('',*,*,#795,.T.);
#298=ORIENTED_EDGE('',*,*,#794,.T.);
#299=ORIENTED_EDGE('',*,*,#796,.F.);
#300=ORIENTED_EDGE('',*,*,#797,.F.);
#301=ORIENTED_EDGE('',*,*,#798,.T.);
#302=ORIENTED_EDGE('',*,*,#797,.T.);
#303=ORIENTED_EDGE('',*,*,#799,.F.);
#304=ORIENTED_EDGE('',*,*,#800,.F.);
#305=ORIENTED_EDGE('',*,*,#801,.T.);
#306=ORIENTED_EDGE('',*,*,#800,.T.);
#307=ORIENTED_EDGE('',*,*,#802,.F.);
#308=ORIENTED_EDGE('',*,*,#803,.F.);
#309=ORIENTED_EDGE('',*,*,#804,.T.);
#310=ORIENTED_EDGE('',*,*,#805,.T.);
#311=ORIENTED_EDGE('',*,*,#806,.T.);
#312=ORIENTED_EDGE('',*,*,#807,.T.);
#313=ORIENTED_EDGE('',*,*,#808,.T.);
#314=ORIENTED_EDGE('',*,*,#809,.F.);
#315=ORIENTED_EDGE('',*,*,#810,.T.);
#316=ORIENTED_EDGE('',*,*,#803,.T.);
#317=ORIENTED_EDGE('',*,*,#811,.F.);
#318=ORIENTED_EDGE('',*,*,#809,.T.);
#319=ORIENTED_EDGE('',*,*,#812,.F.);
#320=ORIENTED_EDGE('',*,*,#813,.F.);
#321=ORIENTED_EDGE('',*,*,#814,.T.);
#322=ORIENTED_EDGE('',*,*,#813,.T.);
#323=ORIENTED_EDGE('',*,*,#815,.F.);
#324=ORIENTED_EDGE('',*,*,#816,.F.);
#325=ORIENTED_EDGE('',*,*,#817,.T.);
#326=ORIENTED_EDGE('',*,*,#816,.T.);
#327=ORIENTED_EDGE('',*,*,#818,.F.);
#328=ORIENTED_EDGE('',*,*,#819,.F.);
#329=ORIENTED_EDGE('',*,*,#820,.T.);
#330=ORIENTED_EDGE('',*,*,#819,.T.);
#331=ORIENTED_EDGE('',*,*,#821,.F.);
#332=ORIENTED_EDGE('',*,*,#822,.F.);
#333=ORIENTED_EDGE('',*,*,#823,.T.);
#334=ORIENTED_EDGE('',*,*,#822,.T.);
#335=ORIENTED_EDGE('',*,*,#824,.F.);
#336=ORIENTED_EDGE('',*,*,#825,.F.);
#337=ORIENTED_EDGE('',*,*,#826,.T.);
#338=ORIENTED_EDGE('',*,*,#825,.T.);
#339=ORIENTED_EDGE('',*,*,#827,.F.);
#340=ORIENTED_EDGE('',*,*,#828,.F.);
#341=ORIENTED_EDGE('',*,*,#829,.T.);
#342=ORIENTED_EDGE('',*,*,#828,.T.);
#343=ORIENTED_EDGE('',*,*,#830,.F.);
#344=ORIENTED_EDGE('',*,*,#831,.F.);
#345=ORIENTED_EDGE('',*,*,#832,.T.);
#346=ORIENTED_EDGE('',*,*,#833,.F.);
#347=ORIENTED_EDGE('',*,*,#834,.T.);
#348=ORIENTED_EDGE('',*,*,#835,.F.);
#349=ORIENTED_EDGE('',*,*,#836,.T.);
#350=ORIENTED_EDGE('',*,*,#831,.T.);
#351=ORIENTED_EDGE('',*,*,#837,.F.);
#352=ORIENTED_EDGE('',*,*,#776,.F.);
#353=ORIENTED_EDGE('',*,*,#838,.T.);
#354=ORIENTED_EDGE('',*,*,#839,.F.);
#355=ORIENTED_EDGE('',*,*,#840,.T.);
#356=ORIENTED_EDGE('',*,*,#717,.F.);
#357=ORIENTED_EDGE('',*,*,#841,.T.);
#358=ORIENTED_EDGE('',*,*,#791,.T.);
#359=ORIENTED_EDGE('',*,*,#842,.T.);
#360=ORIENTED_EDGE('',*,*,#788,.F.);
#361=ORIENTED_EDGE('',*,*,#843,.T.);
#362=ORIENTED_EDGE('',*,*,#713,.T.);
#363=ORIENTED_EDGE('',*,*,#844,.T.);
#364=ORIENTED_EDGE('',*,*,#845,.T.);
#365=ORIENTED_EDGE('',*,*,#834,.F.);
#366=ORIENTED_EDGE('',*,*,#846,.T.);
#367=ORIENTED_EDGE('',*,*,#836,.F.);
#368=ORIENTED_EDGE('',*,*,#847,.T.);
#369=ORIENTED_EDGE('',*,*,#840,.F.);
#370=ORIENTED_EDGE('',*,*,#763,.F.);
#371=ORIENTED_EDGE('',*,*,#771,.T.);
#372=ORIENTED_EDGE('',*,*,#848,.T.);
#373=ORIENTED_EDGE('',*,*,#849,.T.);
#374=ORIENTED_EDGE('',*,*,#850,.T.);
#375=ORIENTED_EDGE('',*,*,#755,.T.);
#376=ORIENTED_EDGE('',*,*,#651,.F.);
#377=ORIENTED_EDGE('',*,*,#760,.F.);
#378=ORIENTED_EDGE('',*,*,#851,.T.);
#379=ORIENTED_EDGE('',*,*,#851,.F.);
#380=ORIENTED_EDGE('',*,*,#847,.F.);
#381=ORIENTED_EDGE('',*,*,#688,.F.);
#382=ORIENTED_EDGE('',*,*,#845,.F.);
#383=ORIENTED_EDGE('',*,*,#697,.F.);
#384=ORIENTED_EDGE('',*,*,#846,.F.);
#385=ORIENTED_EDGE('',*,*,#852,.F.);
#386=ORIENTED_EDGE('',*,*,#853,.T.);
#387=ORIENTED_EDGE('',*,*,#854,.T.);
#388=ORIENTED_EDGE('',*,*,#671,.T.);
#389=ORIENTED_EDGE('',*,*,#855,.F.);
#390=ORIENTED_EDGE('',*,*,#856,.T.);
#391=ORIENTED_EDGE('',*,*,#852,.T.);
#392=ORIENTED_EDGE('',*,*,#670,.T.);
#393=ORIENTED_EDGE('',*,*,#857,.F.);
#394=ORIENTED_EDGE('',*,*,#858,.T.);
#395=ORIENTED_EDGE('',*,*,#855,.T.);
#396=ORIENTED_EDGE('',*,*,#669,.T.);
#397=ORIENTED_EDGE('',*,*,#859,.F.);
#398=ORIENTED_EDGE('',*,*,#860,.T.);
#399=ORIENTED_EDGE('',*,*,#857,.T.);
#400=ORIENTED_EDGE('',*,*,#668,.T.);
#401=ORIENTED_EDGE('',*,*,#861,.F.);
#402=ORIENTED_EDGE('',*,*,#862,.T.);
#403=ORIENTED_EDGE('',*,*,#859,.T.);
#404=ORIENTED_EDGE('',*,*,#667,.T.);
#405=ORIENTED_EDGE('',*,*,#863,.F.);
#406=ORIENTED_EDGE('',*,*,#864,.T.);
#407=ORIENTED_EDGE('',*,*,#861,.T.);
#408=ORIENTED_EDGE('',*,*,#666,.T.);
#409=ORIENTED_EDGE('',*,*,#865,.F.);
#410=ORIENTED_EDGE('',*,*,#866,.T.);
#411=ORIENTED_EDGE('',*,*,#863,.T.);
#412=ORIENTED_EDGE('',*,*,#665,.T.);
#413=ORIENTED_EDGE('',*,*,#867,.F.);
#414=ORIENTED_EDGE('',*,*,#868,.T.);
#415=ORIENTED_EDGE('',*,*,#865,.T.);
#416=ORIENTED_EDGE('',*,*,#664,.T.);
#417=ORIENTED_EDGE('',*,*,#869,.F.);
#418=ORIENTED_EDGE('',*,*,#870,.T.);
#419=ORIENTED_EDGE('',*,*,#867,.T.);
#420=ORIENTED_EDGE('',*,*,#663,.T.);
#421=ORIENTED_EDGE('',*,*,#871,.F.);
#422=ORIENTED_EDGE('',*,*,#872,.T.);
#423=ORIENTED_EDGE('',*,*,#869,.T.);
#424=ORIENTED_EDGE('',*,*,#662,.T.);
#425=ORIENTED_EDGE('',*,*,#873,.F.);
#426=ORIENTED_EDGE('',*,*,#874,.T.);
#427=ORIENTED_EDGE('',*,*,#871,.T.);
#428=ORIENTED_EDGE('',*,*,#661,.T.);
#429=ORIENTED_EDGE('',*,*,#875,.F.);
#430=ORIENTED_EDGE('',*,*,#876,.T.);
#431=ORIENTED_EDGE('',*,*,#873,.T.);
#432=ORIENTED_EDGE('',*,*,#660,.T.);
#433=ORIENTED_EDGE('',*,*,#877,.F.);
#434=ORIENTED_EDGE('',*,*,#878,.T.);
#435=ORIENTED_EDGE('',*,*,#875,.T.);
#436=ORIENTED_EDGE('',*,*,#659,.T.);
#437=ORIENTED_EDGE('',*,*,#879,.F.);
#438=ORIENTED_EDGE('',*,*,#880,.T.);
#439=ORIENTED_EDGE('',*,*,#877,.T.);
#440=ORIENTED_EDGE('',*,*,#658,.T.);
#441=ORIENTED_EDGE('',*,*,#881,.F.);
#442=ORIENTED_EDGE('',*,*,#882,.T.);
#443=ORIENTED_EDGE('',*,*,#879,.T.);
#444=ORIENTED_EDGE('',*,*,#657,.T.);
#445=ORIENTED_EDGE('',*,*,#854,.F.);
#446=ORIENTED_EDGE('',*,*,#883,.T.);
#447=ORIENTED_EDGE('',*,*,#881,.T.);
#448=ORIENTED_EDGE('',*,*,#656,.T.);
#449=ORIENTED_EDGE('',*,*,#689,.F.);
#450=ORIENTED_EDGE('',*,*,#884,.F.);
#451=ORIENTED_EDGE('',*,*,#885,.T.);
#452=ORIENTED_EDGE('',*,*,#723,.T.);
#453=ORIENTED_EDGE('',*,*,#696,.F.);
#454=ORIENTED_EDGE('',*,*,#886,.F.);
#455=ORIENTED_EDGE('',*,*,#887,.T.);
#456=ORIENTED_EDGE('',*,*,#884,.T.);
#457=ORIENTED_EDGE('',*,*,#695,.F.);
#458=ORIENTED_EDGE('',*,*,#738,.F.);
#459=ORIENTED_EDGE('',*,*,#888,.T.);
#460=ORIENTED_EDGE('',*,*,#886,.T.);
#461=ORIENTED_EDGE('',*,*,#850,.F.);
#462=ORIENTED_EDGE('',*,*,#889,.F.);
#463=ORIENTED_EDGE('',*,*,#890,.T.);
#464=ORIENTED_EDGE('',*,*,#756,.T.);
#465=ORIENTED_EDGE('',*,*,#849,.F.);
#466=ORIENTED_EDGE('',*,*,#891,.F.);
#467=ORIENTED_EDGE('',*,*,#892,.T.);
#468=ORIENTED_EDGE('',*,*,#889,.T.);
#469=ORIENTED_EDGE('',*,*,#848,.F.);
#470=ORIENTED_EDGE('',*,*,#770,.F.);
#471=ORIENTED_EDGE('',*,*,#893,.T.);
#472=ORIENTED_EDGE('',*,*,#891,.T.);
#473=ORIENTED_EDGE('',*,*,#702,.F.);
#474=ORIENTED_EDGE('',*,*,#894,.F.);
#475=ORIENTED_EDGE('',*,*,#895,.T.);
#476=ORIENTED_EDGE('',*,*,#768,.T.);
#477=ORIENTED_EDGE('',*,*,#701,.F.);
#478=ORIENTED_EDGE('',*,*,#896,.F.);
#479=ORIENTED_EDGE('',*,*,#897,.T.);
#480=ORIENTED_EDGE('',*,*,#894,.T.);
#481=ORIENTED_EDGE('',*,*,#700,.F.);
#482=ORIENTED_EDGE('',*,*,#725,.F.);
#483=ORIENTED_EDGE('',*,*,#898,.T.);
#484=ORIENTED_EDGE('',*,*,#896,.T.);
#485=ORIENTED_EDGE('',*,*,#785,.F.);
#486=ORIENTED_EDGE('',*,*,#795,.F.);
#487=ORIENTED_EDGE('',*,*,#798,.F.);
#488=ORIENTED_EDGE('',*,*,#801,.F.);
#489=ORIENTED_EDGE('',*,*,#804,.F.);
#490=ORIENTED_EDGE('',*,*,#810,.F.);
#491=ORIENTED_EDGE('',*,*,#814,.F.);
#492=ORIENTED_EDGE('',*,*,#817,.F.);
#493=ORIENTED_EDGE('',*,*,#820,.F.);
#494=ORIENTED_EDGE('',*,*,#823,.F.);
#495=ORIENTED_EDGE('',*,*,#826,.F.);
#496=ORIENTED_EDGE('',*,*,#829,.F.);
#497=ORIENTED_EDGE('',*,*,#832,.F.);
#498=ORIENTED_EDGE('',*,*,#838,.F.);
#499=ORIENTED_EDGE('',*,*,#779,.F.);
#500=ORIENTED_EDGE('',*,*,#782,.F.);
#501=ORIENTED_EDGE('',*,*,#724,.F.);
#502=ORIENTED_EDGE('',*,*,#885,.F.);
#503=ORIENTED_EDGE('',*,*,#887,.F.);
#504=ORIENTED_EDGE('',*,*,#888,.F.);
#505=ORIENTED_EDGE('',*,*,#737,.F.);
#506=ORIENTED_EDGE('',*,*,#744,.F.);
#507=ORIENTED_EDGE('',*,*,#748,.T.);
#508=ORIENTED_EDGE('',*,*,#752,.F.);
#509=ORIENTED_EDGE('',*,*,#757,.F.);
#510=ORIENTED_EDGE('',*,*,#890,.F.);
#511=ORIENTED_EDGE('',*,*,#892,.F.);
#512=ORIENTED_EDGE('',*,*,#893,.F.);
#513=ORIENTED_EDGE('',*,*,#769,.F.);
#514=ORIENTED_EDGE('',*,*,#895,.F.);
#515=ORIENTED_EDGE('',*,*,#897,.F.);
#516=ORIENTED_EDGE('',*,*,#898,.F.);
#517=ORIENTED_EDGE('',*,*,#786,.T.);
#518=ORIENTED_EDGE('',*,*,#899,.T.);
#519=ORIENTED_EDGE('',*,*,#715,.F.);
#520=ORIENTED_EDGE('',*,*,#900,.T.);
#521=ORIENTED_EDGE('',*,*,#792,.F.);
#522=ORIENTED_EDGE('',*,*,#841,.F.);
#523=ORIENTED_EDGE('',*,*,#716,.F.);
#524=ORIENTED_EDGE('',*,*,#899,.F.);
#525=ORIENTED_EDGE('',*,*,#787,.F.);
#526=ORIENTED_EDGE('',*,*,#900,.F.);
#527=ORIENTED_EDGE('',*,*,#714,.F.);
#528=ORIENTED_EDGE('',*,*,#843,.F.);
#529=ORIENTED_EDGE('',*,*,#719,.F.);
#530=ORIENTED_EDGE('',*,*,#706,.F.);
#531=ORIENTED_EDGE('',*,*,#789,.F.);
#532=ORIENTED_EDGE('',*,*,#844,.F.);
#533=ORIENTED_EDGE('',*,*,#718,.F.);
#534=ORIENTED_EDGE('',*,*,#842,.F.);
#535=ORIENTED_EDGE('',*,*,#790,.F.);
#536=ORIENTED_EDGE('',*,*,#708,.F.);
#537=ORIENTED_EDGE('',*,*,#777,.T.);
#538=ORIENTED_EDGE('',*,*,#837,.T.);
#539=ORIENTED_EDGE('',*,*,#830,.T.);
#540=ORIENTED_EDGE('',*,*,#827,.T.);
#541=ORIENTED_EDGE('',*,*,#824,.T.);
#542=ORIENTED_EDGE('',*,*,#821,.T.);
#543=ORIENTED_EDGE('',*,*,#818,.T.);
#544=ORIENTED_EDGE('',*,*,#815,.T.);
#545=ORIENTED_EDGE('',*,*,#812,.T.);
#546=ORIENTED_EDGE('',*,*,#811,.T.);
#547=ORIENTED_EDGE('',*,*,#802,.T.);
#548=ORIENTED_EDGE('',*,*,#799,.T.);
#549=ORIENTED_EDGE('',*,*,#796,.T.);
#550=ORIENTED_EDGE('',*,*,#793,.T.);
#551=ORIENTED_EDGE('',*,*,#783,.T.);
#552=ORIENTED_EDGE('',*,*,#780,.T.);
#553=ORIENTED_EDGE('',*,*,#853,.F.);
#554=ORIENTED_EDGE('',*,*,#856,.F.);
#555=ORIENTED_EDGE('',*,*,#858,.F.);
#556=ORIENTED_EDGE('',*,*,#860,.F.);
#557=ORIENTED_EDGE('',*,*,#862,.F.);
#558=ORIENTED_EDGE('',*,*,#864,.F.);
#559=ORIENTED_EDGE('',*,*,#866,.F.);
#560=ORIENTED_EDGE('',*,*,#868,.F.);
#561=ORIENTED_EDGE('',*,*,#870,.F.);
#562=ORIENTED_EDGE('',*,*,#872,.F.);
#563=ORIENTED_EDGE('',*,*,#874,.F.);
#564=ORIENTED_EDGE('',*,*,#876,.F.);
#565=ORIENTED_EDGE('',*,*,#878,.F.);
#566=ORIENTED_EDGE('',*,*,#880,.F.);
#567=ORIENTED_EDGE('',*,*,#882,.F.);
#568=ORIENTED_EDGE('',*,*,#883,.F.);
#569=ORIENTED_EDGE('',*,*,#901,.F.);
#570=ORIENTED_EDGE('',*,*,#767,.F.);
#571=ORIENTED_EDGE('',*,*,#902,.F.);
#572=ORIENTED_EDGE('',*,*,#808,.F.);
#573=ORIENTED_EDGE('',*,*,#902,.T.);
#574=ORIENTED_EDGE('',*,*,#766,.F.);
#575=ORIENTED_EDGE('',*,*,#903,.F.);
#576=ORIENTED_EDGE('',*,*,#805,.F.);
#577=ORIENTED_EDGE('',*,*,#901,.T.);
#578=ORIENTED_EDGE('',*,*,#807,.F.);
#579=ORIENTED_EDGE('',*,*,#904,.F.);
#580=ORIENTED_EDGE('',*,*,#764,.F.);
#581=ORIENTED_EDGE('',*,*,#903,.T.);
#582=ORIENTED_EDGE('',*,*,#765,.F.);
#583=ORIENTED_EDGE('',*,*,#904,.T.);
#584=ORIENTED_EDGE('',*,*,#806,.F.);
#585=ORIENTED_EDGE('',*,*,#678,.F.);
#586=ORIENTED_EDGE('',*,*,#773,.F.);
#587=ORIENTED_EDGE('',*,*,#905,.T.);
#588=ORIENTED_EDGE('',*,*,#906,.T.);
#589=ORIENTED_EDGE('',*,*,#679,.F.);
#590=ORIENTED_EDGE('',*,*,#906,.F.);
#591=ORIENTED_EDGE('',*,*,#907,.T.);
#592=ORIENTED_EDGE('',*,*,#908,.T.);
#593=ORIENTED_EDGE('',*,*,#680,.F.);
#594=ORIENTED_EDGE('',*,*,#908,.F.);
#595=ORIENTED_EDGE('',*,*,#909,.T.);
#596=ORIENTED_EDGE('',*,*,#753,.T.);
#597=ORIENTED_EDGE('',*,*,#754,.F.);
#598=ORIENTED_EDGE('',*,*,#909,.F.);
#599=ORIENTED_EDGE('',*,*,#907,.F.);
#600=ORIENTED_EDGE('',*,*,#905,.F.);
#601=ORIENTED_EDGE('',*,*,#772,.F.);
#602=ORIENTED_EDGE('',*,*,#761,.F.);
#603=ORIENTED_EDGE('',*,*,#758,.F.);
#604=ORIENTED_EDGE('',*,*,#649,.F.);
#605=ORIENTED_EDGE('',*,*,#839,.T.);
#606=ORIENTED_EDGE('',*,*,#674,.F.);
#607=ORIENTED_EDGE('',*,*,#727,.F.);
#608=ORIENTED_EDGE('',*,*,#910,.T.);
#609=ORIENTED_EDGE('',*,*,#911,.T.);
#610=ORIENTED_EDGE('',*,*,#675,.F.);
#611=ORIENTED_EDGE('',*,*,#911,.F.);
#612=ORIENTED_EDGE('',*,*,#912,.T.);
#613=ORIENTED_EDGE('',*,*,#913,.T.);
#614=ORIENTED_EDGE('',*,*,#676,.F.);
#615=ORIENTED_EDGE('',*,*,#913,.F.);
#616=ORIENTED_EDGE('',*,*,#914,.T.);
#617=ORIENTED_EDGE('',*,*,#774,.T.);
#618=ORIENTED_EDGE('',*,*,#653,.F.);
#619=ORIENTED_EDGE('',*,*,#775,.F.);
#620=ORIENTED_EDGE('',*,*,#914,.F.);
#621=ORIENTED_EDGE('',*,*,#912,.F.);
#622=ORIENTED_EDGE('',*,*,#910,.F.);
#623=ORIENTED_EDGE('',*,*,#726,.F.);
#624=ORIENTED_EDGE('',*,*,#711,.F.);
#625=ORIENTED_EDGE('',*,*,#709,.F.);
#626=ORIENTED_EDGE('',*,*,#835,.T.);
#627=ORIENTED_EDGE('',*,*,#686,.T.);
#628=ORIENTED_EDGE('',*,*,#740,.F.);
#629=ORIENTED_EDGE('',*,*,#915,.F.);
#630=ORIENTED_EDGE('',*,*,#916,.T.);
#631=ORIENTED_EDGE('',*,*,#687,.T.);
#632=ORIENTED_EDGE('',*,*,#916,.F.);
#633=ORIENTED_EDGE('',*,*,#917,.F.);
#634=ORIENTED_EDGE('',*,*,#918,.T.);
#635=ORIENTED_EDGE('',*,*,#672,.T.);
#636=ORIENTED_EDGE('',*,*,#918,.F.);
#637=ORIENTED_EDGE('',*,*,#919,.F.);
#638=ORIENTED_EDGE('',*,*,#720,.T.);
#639=ORIENTED_EDGE('',*,*,#728,.T.);
#640=ORIENTED_EDGE('',*,*,#721,.T.);
#641=ORIENTED_EDGE('',*,*,#919,.T.);
#642=ORIENTED_EDGE('',*,*,#917,.T.);
#643=ORIENTED_EDGE('',*,*,#915,.T.);
#644=ORIENTED_EDGE('',*,*,#739,.T.);
#645=ORIENTED_EDGE('',*,*,#732,.F.);
#646=ORIENTED_EDGE('',*,*,#730,.F.);
#647=ORIENTED_EDGE('',*,*,#833,.T.);
#648=EDGE_CURVE('',#920,#921,#1108,.T.);
#649=EDGE_CURVE('',#921,#922,#1109,.T.);
#650=EDGE_CURVE('',#923,#922,#1110,.T.);
#651=EDGE_CURVE('',#923,#920,#1111,.T.);
#652=EDGE_CURVE('',#924,#925,#1112,.T.);
#653=EDGE_CURVE('',#925,#926,#1113,.T.);
#654=EDGE_CURVE('',#927,#926,#1114,.T.);
#655=EDGE_CURVE('',#924,#927,#1115,.T.);
#656=EDGE_CURVE('',#928,#929,#1116,.T.);
#657=EDGE_CURVE('',#930,#928,#1117,.T.);
#658=EDGE_CURVE('',#931,#930,#1118,.T.);
#659=EDGE_CURVE('',#932,#931,#48,.T.);
#660=EDGE_CURVE('',#933,#932,#1119,.T.);
#661=EDGE_CURVE('',#934,#933,#1120,.T.);
#662=EDGE_CURVE('',#935,#934,#1121,.T.);
#663=EDGE_CURVE('',#936,#935,#49,.T.);
#664=EDGE_CURVE('',#937,#936,#1122,.T.);
#665=EDGE_CURVE('',#938,#937,#1123,.T.);
#666=EDGE_CURVE('',#939,#938,#1124,.T.);
#667=EDGE_CURVE('',#940,#939,#50,.T.);
#668=EDGE_CURVE('',#941,#940,#1125,.T.);
#669=EDGE_CURVE('',#942,#941,#1126,.T.);
#670=EDGE_CURVE('',#943,#942,#1127,.T.);
#671=EDGE_CURVE('',#929,#943,#51,.T.);
#672=EDGE_CURVE('',#944,#945,#1128,.T.);
#673=EDGE_CURVE('',#946,#944,#1129,.T.);
#674=EDGE_CURVE('',#946,#947,#1130,.T.);
#675=EDGE_CURVE('',#947,#948,#52,.T.);
#676=EDGE_CURVE('',#948,#949,#1131,.T.);
#677=EDGE_CURVE('',#950,#949,#1132,.T.);
#678=EDGE_CURVE('',#950,#951,#1133,.T.);
#679=EDGE_CURVE('',#951,#952,#53,.T.);
#680=EDGE_CURVE('',#952,#953,#1134,.T.);
#681=EDGE_CURVE('',#954,#953,#1135,.T.);
#682=EDGE_CURVE('',#955,#954,#1136,.T.);
#683=EDGE_CURVE('',#956,#955,#54,.T.);
#684=EDGE_CURVE('',#957,#956,#1137,.T.);
#685=EDGE_CURVE('',#958,#957,#1138,.T.);
#686=EDGE_CURVE('',#959,#958,#1139,.T.);
#687=EDGE_CURVE('',#945,#959,#55,.T.);
#688=EDGE_CURVE('',#960,#960,#56,.T.);
#689=EDGE_CURVE('',#961,#962,#1140,.T.);
#690=EDGE_CURVE('',#962,#963,#1141,.T.);
#691=EDGE_CURVE('',#964,#963,#1142,.T.);
#692=EDGE_CURVE('',#965,#964,#57,.T.);
#693=EDGE_CURVE('',#966,#965,#1143,.T.);
#694=EDGE_CURVE('',#966,#967,#1144,.T.);
#695=EDGE_CURVE('',#967,#968,#1145,.T.);
#696=EDGE_CURVE('',#968,#961,#58,.T.);
#697=EDGE_CURVE('',#969,#969,#59,.T.);
#698=EDGE_CURVE('',#970,#971,#1146,.T.);
#699=EDGE_CURVE('',#970,#972,#1147,.T.);
#700=EDGE_CURVE('',#972,#973,#1148,.T.);
#701=EDGE_CURVE('',#973,#974,#60,.T.);
#702=EDGE_CURVE('',#974,#975,#1149,.T.);
#703=EDGE_CURVE('',#975,#924,#1150,.T.);
#704=EDGE_CURVE('',#971,#927,#61,.T.);
#705=EDGE_CURVE('',#976,#977,#1151,.T.);
#706=EDGE_CURVE('',#977,#978,#1152,.F.);
#707=EDGE_CURVE('',#978,#979,#1153,.T.);
#708=EDGE_CURVE('',#979,#976,#1154,.T.);
#709=EDGE_CURVE('',#926,#980,#62,.T.);
#710=EDGE_CURVE('',#971,#980,#1155,.T.);
#711=EDGE_CURVE('',#980,#981,#1156,.T.);
#712=EDGE_CURVE('',#970,#981,#1157,.T.);
#713=EDGE_CURVE('',#982,#983,#1158,.T.);
#714=EDGE_CURVE('',#982,#984,#63,.T.);
#715=EDGE_CURVE('',#984,#985,#1159,.T.);
#716=EDGE_CURVE('',#985,#986,#64,.T.);
#717=EDGE_CURVE('',#986,#987,#1160,.T.);
#718=EDGE_CURVE('',#987,#979,#65,.T.);
#719=EDGE_CURVE('',#978,#983,#66,.T.);
#720=EDGE_CURVE('',#988,#944,#1161,.T.);
#721=EDGE_CURVE('',#989,#988,#1162,.T.);
#722=EDGE_CURVE('',#963,#989,#1163,.T.);
#723=EDGE_CURVE('',#990,#962,#1164,.T.);
#724=EDGE_CURVE('',#990,#991,#1165,.T.);
#725=EDGE_CURVE('',#991,#972,#1166,.T.);
#726=EDGE_CURVE('',#981,#992,#1167,.T.);
#727=EDGE_CURVE('',#992,#946,#1168,.T.);
#728=EDGE_CURVE('',#993,#989,#1169,.T.);
#729=EDGE_CURVE('',#964,#993,#1170,.T.);
#730=EDGE_CURVE('',#993,#994,#67,.T.);
#731=EDGE_CURVE('',#965,#994,#1171,.T.);
#732=EDGE_CURVE('',#994,#995,#1172,.T.);
#733=EDGE_CURVE('',#966,#995,#1173,.T.);
#734=EDGE_CURVE('',#996,#957,#1174,.T.);
#735=EDGE_CURVE('',#997,#996,#1175,.T.);
#736=EDGE_CURVE('',#998,#997,#1176,.T.);
#737=EDGE_CURVE('',#998,#999,#1177,.T.);
#738=EDGE_CURVE('',#999,#967,#1178,.T.);
#739=EDGE_CURVE('',#1000,#995,#1179,.T.);
#740=EDGE_CURVE('',#1000,#958,#1180,.T.);
#741=EDGE_CURVE('',#1001,#956,#1181,.T.);
#742=EDGE_CURVE('',#1002,#1001,#1182,.T.);
#743=EDGE_CURVE('',#1003,#1002,#1183,.T.);
#744=EDGE_CURVE('',#1003,#998,#1184,.T.);
#745=EDGE_CURVE('',#1004,#955,#1185,.T.);
#746=EDGE_CURVE('',#1005,#1004,#1186,.T.);
#747=EDGE_CURVE('',#1006,#1005,#1187,.T.);
#748=EDGE_CURVE('',#1003,#1006,#68,.T.);
#749=EDGE_CURVE('',#1007,#954,#1188,.T.);
#750=EDGE_CURVE('',#1008,#1007,#1189,.T.);
#751=EDGE_CURVE('',#1009,#1008,#1190,.T.);
#752=EDGE_CURVE('',#1009,#1006,#1191,.T.);
#753=EDGE_CURVE('',#1010,#953,#1192,.T.);
#754=EDGE_CURVE('',#1010,#921,#1193,.T.);
#755=EDGE_CURVE('',#1011,#920,#1194,.T.);
#756=EDGE_CURVE('',#1012,#1011,#1195,.T.);
#757=EDGE_CURVE('',#1012,#1009,#1196,.T.);
#758=EDGE_CURVE('',#922,#1013,#69,.T.);
#759=EDGE_CURVE('',#1014,#1013,#1197,.T.);
#760=EDGE_CURVE('',#1014,#923,#70,.T.);
#761=EDGE_CURVE('',#1013,#1015,#1198,.T.);
#762=EDGE_CURVE('',#1016,#1015,#1199,.T.);
#763=EDGE_CURVE('',#1016,#1014,#1200,.T.);
#764=EDGE_CURVE('',#1017,#1018,#1201,.F.);
#765=EDGE_CURVE('',#1018,#1019,#1202,.F.);
#766=EDGE_CURVE('',#1019,#1020,#1203,.F.);
#767=EDGE_CURVE('',#1020,#1017,#1204,.F.);
#768=EDGE_CURVE('',#1021,#975,#1205,.T.);
#769=EDGE_CURVE('',#1021,#1022,#1206,.T.);
#770=EDGE_CURVE('',#1022,#1023,#1207,.T.);
#771=EDGE_CURVE('',#1016,#1023,#1208,.T.);
#772=EDGE_CURVE('',#1015,#1024,#1209,.T.);
#773=EDGE_CURVE('',#1024,#950,#1210,.T.);
#774=EDGE_CURVE('',#1025,#949,#1211,.T.);
#775=EDGE_CURVE('',#1025,#925,#1212,.T.);
#776=EDGE_CURVE('',#1026,#1027,#1213,.T.);
#777=EDGE_CURVE('',#1028,#1027,#1214,.T.);
#778=EDGE_CURVE('',#1029,#1028,#1215,.T.);
#779=EDGE_CURVE('',#1029,#1026,#1216,.T.);
#780=EDGE_CURVE('',#1030,#1028,#71,.F.);
#781=EDGE_CURVE('',#1031,#1030,#1217,.T.);
#782=EDGE_CURVE('',#1031,#1029,#72,.T.);
#783=EDGE_CURVE('',#1032,#1030,#1218,.T.);
#784=EDGE_CURVE('',#1033,#1032,#1219,.T.);
#785=EDGE_CURVE('',#1033,#1031,#1220,.T.);
#786=EDGE_CURVE('',#1034,#1035,#1221,.T.);
#787=EDGE_CURVE('',#1034,#1036,#73,.T.);
#788=EDGE_CURVE('',#1036,#1037,#1222,.T.);
#789=EDGE_CURVE('',#1037,#977,#74,.T.);
#790=EDGE_CURVE('',#976,#1038,#75,.T.);
#791=EDGE_CURVE('',#1039,#1038,#1223,.T.);
#792=EDGE_CURVE('',#1039,#1035,#76,.T.);
#793=EDGE_CURVE('',#1040,#1032,#1224,.T.);
#794=EDGE_CURVE('',#1041,#1040,#1225,.T.);
#795=EDGE_CURVE('',#1041,#1033,#1226,.T.);
#796=EDGE_CURVE('',#1042,#1040,#1227,.T.);
#797=EDGE_CURVE('',#1043,#1042,#1228,.T.);
#798=EDGE_CURVE('',#1043,#1041,#1229,.T.);
#799=EDGE_CURVE('',#1044,#1042,#77,.F.);
#800=EDGE_CURVE('',#1045,#1044,#1230,.T.);
#801=EDGE_CURVE('',#1045,#1043,#78,.T.);
#802=EDGE_CURVE('',#1046,#1044,#1231,.T.);
#803=EDGE_CURVE('',#1047,#1046,#1232,.T.);
#804=EDGE_CURVE('',#1047,#1045,#1233,.T.);
#805=EDGE_CURVE('',#1048,#1049,#1234,.T.);
#806=EDGE_CURVE('',#1049,#1050,#1235,.T.);
#807=EDGE_CURVE('',#1050,#1051,#1236,.F.);
#808=EDGE_CURVE('',#1051,#1048,#1237,.F.);
#809=EDGE_CURVE('',#1052,#1053,#1238,.T.);
#810=EDGE_CURVE('',#1052,#1047,#1239,.T.);
#811=EDGE_CURVE('',#1053,#1046,#1240,.T.);
#812=EDGE_CURVE('',#1054,#1053,#1241,.T.);
#813=EDGE_CURVE('',#1055,#1054,#1242,.T.);
#814=EDGE_CURVE('',#1055,#1052,#1243,.T.);
#815=EDGE_CURVE('',#1056,#1054,#79,.F.);
#816=EDGE_CURVE('',#1057,#1056,#1244,.T.);
#817=EDGE_CURVE('',#1057,#1055,#80,.T.);
#818=EDGE_CURVE('',#1058,#1056,#1245,.T.);
#819=EDGE_CURVE('',#1059,#1058,#1246,.T.);
#820=EDGE_CURVE('',#1059,#1057,#1247,.T.);
#821=EDGE_CURVE('',#1060,#1058,#1248,.T.);
#822=EDGE_CURVE('',#1061,#1060,#1249,.T.);
#823=EDGE_CURVE('',#1061,#1059,#1250,.T.);
#824=EDGE_CURVE('',#1062,#1060,#1251,.T.);
#825=EDGE_CURVE('',#1063,#1062,#1252,.T.);
#826=EDGE_CURVE('',#1063,#1061,#1253,.T.);
#827=EDGE_CURVE('',#1064,#1062,#81,.F.);
#828=EDGE_CURVE('',#1065,#1064,#1254,.T.);
#829=EDGE_CURVE('',#1065,#1063,#82,.T.);
#830=EDGE_CURVE('',#1066,#1064,#1255,.T.);
#831=EDGE_CURVE('',#1067,#1066,#1256,.T.);
#832=EDGE_CURVE('',#1067,#1065,#1257,.T.);
#833=EDGE_CURVE('',#1068,#1068,#83,.T.);
#834=EDGE_CURVE('',#1069,#1069,#84,.T.);
#835=EDGE_CURVE('',#1070,#1070,#85,.T.);
#836=EDGE_CURVE('',#1071,#1071,#86,.T.);
#837=EDGE_CURVE('',#1027,#1066,#1258,.T.);
#838=EDGE_CURVE('',#1026,#1067,#1259,.T.);
#839=EDGE_CURVE('',#1072,#1072,#87,.T.);
#840=EDGE_CURVE('',#1073,#1073,#88,.T.);
#841=EDGE_CURVE('',#986,#1039,#1260,.F.);
#842=EDGE_CURVE('',#1038,#987,#1261,.F.);
#843=EDGE_CURVE('',#1036,#982,#1262,.T.);
#844=EDGE_CURVE('',#983,#1037,#1263,.T.);
#845=EDGE_CURVE('',#1074,#1074,#89,.T.);
#846=EDGE_CURVE('',#1075,#1075,#90,.T.);
#847=EDGE_CURVE('',#1076,#1076,#91,.T.);
#848=EDGE_CURVE('',#1023,#1077,#1264,.T.);
#849=EDGE_CURVE('',#1077,#1078,#92,.T.);
#850=EDGE_CURVE('',#1078,#1011,#1265,.T.);
#851=EDGE_CURVE('',#1079,#1079,#93,.T.);
#852=EDGE_CURVE('',#1080,#943,#1266,.T.);
#853=EDGE_CURVE('',#1080,#1081,#94,.F.);
#854=EDGE_CURVE('',#1081,#929,#1267,.T.);
#855=EDGE_CURVE('',#1082,#942,#1268,.T.);
#856=EDGE_CURVE('',#1082,#1080,#1269,.T.);
#857=EDGE_CURVE('',#1083,#941,#1270,.T.);
#858=EDGE_CURVE('',#1083,#1082,#1271,.T.);
#859=EDGE_CURVE('',#1084,#940,#1272,.T.);
#860=EDGE_CURVE('',#1084,#1083,#1273,.T.);
#861=EDGE_CURVE('',#1085,#939,#1274,.T.);
#862=EDGE_CURVE('',#1085,#1084,#95,.F.);
#863=EDGE_CURVE('',#1086,#938,#1275,.T.);
#864=EDGE_CURVE('',#1086,#1085,#1276,.T.);
#865=EDGE_CURVE('',#1087,#937,#1277,.T.);
#866=EDGE_CURVE('',#1087,#1086,#1278,.T.);
#867=EDGE_CURVE('',#1088,#936,#1279,.T.);
#868=EDGE_CURVE('',#1088,#1087,#1280,.T.);
#869=EDGE_CURVE('',#1089,#935,#1281,.T.);
#870=EDGE_CURVE('',#1089,#1088,#96,.F.);
#871=EDGE_CURVE('',#1090,#934,#1282,.T.);
#872=EDGE_CURVE('',#1090,#1089,#1283,.T.);
#873=EDGE_CURVE('',#1091,#933,#1284,.T.);
#874=EDGE_CURVE('',#1091,#1090,#1285,.T.);
#875=EDGE_CURVE('',#1092,#932,#1286,.T.);
#876=EDGE_CURVE('',#1092,#1091,#1287,.T.);
#877=EDGE_CURVE('',#1093,#931,#1288,.T.);
#878=EDGE_CURVE('',#1093,#1092,#97,.F.);
#879=EDGE_CURVE('',#1094,#930,#1289,.T.);
#880=EDGE_CURVE('',#1094,#1093,#1290,.T.);
#881=EDGE_CURVE('',#1095,#928,#1291,.T.);
#882=EDGE_CURVE('',#1095,#1094,#1292,.T.);
#883=EDGE_CURVE('',#1081,#1095,#1293,.T.);
#884=EDGE_CURVE('',#1096,#961,#1294,.T.);
#885=EDGE_CURVE('',#1096,#990,#1295,.T.);
#886=EDGE_CURVE('',#1097,#968,#1296,.T.);
#887=EDGE_CURVE('',#1097,#1096,#98,.T.);
#888=EDGE_CURVE('',#999,#1097,#1297,.T.);
#889=EDGE_CURVE('',#1098,#1078,#1298,.T.);
#890=EDGE_CURVE('',#1098,#1012,#1299,.T.);
#891=EDGE_CURVE('',#1099,#1077,#1300,.T.);
#892=EDGE_CURVE('',#1099,#1098,#99,.T.);
#893=EDGE_CURVE('',#1022,#1099,#1301,.T.);
#894=EDGE_CURVE('',#1100,#974,#1302,.T.);
#895=EDGE_CURVE('',#1100,#1021,#1303,.T.);
#896=EDGE_CURVE('',#1101,#973,#1304,.T.);
#897=EDGE_CURVE('',#1101,#1100,#100,.T.);
#898=EDGE_CURVE('',#991,#1101,#1305,.T.);
#899=EDGE_CURVE('',#1035,#985,#1306,.T.);
#900=EDGE_CURVE('',#984,#1034,#1307,.F.);
#901=EDGE_CURVE('',#1017,#1051,#12,.F.);
#902=EDGE_CURVE('',#1048,#1020,#13,.T.);
#903=EDGE_CURVE('',#1049,#1019,#14,.T.);
#904=EDGE_CURVE('',#1018,#1050,#15,.F.);
#905=EDGE_CURVE('',#1024,#1102,#1308,.T.);
#906=EDGE_CURVE('',#1102,#951,#1309,.T.);
#907=EDGE_CURVE('',#1102,#1103,#101,.T.);
#908=EDGE_CURVE('',#1103,#952,#1310,.T.);
#909=EDGE_CURVE('',#1103,#1010,#1311,.T.);
#910=EDGE_CURVE('',#992,#1104,#1312,.T.);
#911=EDGE_CURVE('',#1104,#947,#1313,.T.);
#912=EDGE_CURVE('',#1104,#1105,#102,.T.);
#913=EDGE_CURVE('',#1105,#948,#1314,.T.);
#914=EDGE_CURVE('',#1105,#1025,#1315,.T.);
#915=EDGE_CURVE('',#1106,#1000,#1316,.T.);
#916=EDGE_CURVE('',#1106,#959,#1317,.T.);
#917=EDGE_CURVE('',#1107,#1106,#103,.T.);
#918=EDGE_CURVE('',#1107,#945,#1318,.T.);
#919=EDGE_CURVE('',#988,#1107,#1319,.T.);
#920=VERTEX_POINT('',#2626);
#921=VERTEX_POINT('',#2627);
#922=VERTEX_POINT('',#2629);
#923=VERTEX_POINT('',#2631);
#924=VERTEX_POINT('',#2635);
#925=VERTEX_POINT('',#2636);
#926=VERTEX_POINT('',#2638);
#927=VERTEX_POINT('',#2640);
#928=VERTEX_POINT('',#2644);
#929=VERTEX_POINT('',#2645);
#930=VERTEX_POINT('',#2647);
#931=VERTEX_POINT('',#2649);
#932=VERTEX_POINT('',#2651);
#933=VERTEX_POINT('',#2653);
#934=VERTEX_POINT('',#2655);
#935=VERTEX_POINT('',#2657);
#936=VERTEX_POINT('',#2659);
#937=VERTEX_POINT('',#2661);
#938=VERTEX_POINT('',#2663);
#939=VERTEX_POINT('',#2665);
#940=VERTEX_POINT('',#2667);
#941=VERTEX_POINT('',#2669);
#942=VERTEX_POINT('',#2671);
#943=VERTEX_POINT('',#2673);
#944=VERTEX_POINT('',#2676);
#945=VERTEX_POINT('',#2677);
#946=VERTEX_POINT('',#2679);
#947=VERTEX_POINT('',#2681);
#948=VERTEX_POINT('',#2683);
#949=VERTEX_POINT('',#2685);
#950=VERTEX_POINT('',#2687);
#951=VERTEX_POINT('',#2689);
#952=VERTEX_POINT('',#2691);
#953=VERTEX_POINT('',#2693);
#954=VERTEX_POINT('',#2695);
#955=VERTEX_POINT('',#2697);
#956=VERTEX_POINT('',#2699);
#957=VERTEX_POINT('',#2701);
#958=VERTEX_POINT('',#2703);
#959=VERTEX_POINT('',#2705);
#960=VERTEX_POINT('',#2709);
#961=VERTEX_POINT('',#2711);
#962=VERTEX_POINT('',#2712);
#963=VERTEX_POINT('',#2714);
#964=VERTEX_POINT('',#2716);
#965=VERTEX_POINT('',#2718);
#966=VERTEX_POINT('',#2720);
#967=VERTEX_POINT('',#2722);
#968=VERTEX_POINT('',#2724);
#969=VERTEX_POINT('',#2728);
#970=VERTEX_POINT('',#2730);
#971=VERTEX_POINT('',#2731);
#972=VERTEX_POINT('',#2733);
#973=VERTEX_POINT('',#2735);
#974=VERTEX_POINT('',#2737);
#975=VERTEX_POINT('',#2739);
#976=VERTEX_POINT('',#2744);
#977=VERTEX_POINT('',#2745);
#978=VERTEX_POINT('',#2747);
#979=VERTEX_POINT('',#2749);
#980=VERTEX_POINT('',#2753);
#981=VERTEX_POINT('',#2757);
#982=VERTEX_POINT('',#2761);
#983=VERTEX_POINT('',#2762);
#984=VERTEX_POINT('',#2764);
#985=VERTEX_POINT('',#2766);
#986=VERTEX_POINT('',#2768);
#987=VERTEX_POINT('',#2770);
#988=VERTEX_POINT('',#2774);
#989=VERTEX_POINT('',#2776);
#990=VERTEX_POINT('',#2779);
#991=VERTEX_POINT('',#2781);
#992=VERTEX_POINT('',#2784);
#993=VERTEX_POINT('',#2788);
#994=VERTEX_POINT('',#2792);
#995=VERTEX_POINT('',#2796);
#996=VERTEX_POINT('',#2800);
#997=VERTEX_POINT('',#2802);
#998=VERTEX_POINT('',#2804);
#999=VERTEX_POINT('',#2806);
#1000=VERTEX_POINT('',#2809);
#1001=VERTEX_POINT('',#2813);
#1002=VERTEX_POINT('',#2815);
#1003=VERTEX_POINT('',#2817);
#1004=VERTEX_POINT('',#2821);
#1005=VERTEX_POINT('',#2823);
#1006=VERTEX_POINT('',#2825);
#1007=VERTEX_POINT('',#2829);
#1008=VERTEX_POINT('',#2831);
#1009=VERTEX_POINT('',#2833);
#1010=VERTEX_POINT('',#2837);
#1011=VERTEX_POINT('',#2840);
#1012=VERTEX_POINT('',#2842);
#1013=VERTEX_POINT('',#2846);
#1014=VERTEX_POINT('',#2848);
#1015=VERTEX_POINT('',#2852);
#1016=VERTEX_POINT('',#2854);
#1017=VERTEX_POINT('',#2858);
#1018=VERTEX_POINT('',#2859);
#1019=VERTEX_POINT('',#2861);
#1020=VERTEX_POINT('',#2863);
#1021=VERTEX_POINT('',#2866);
#1022=VERTEX_POINT('',#2868);
#1023=VERTEX_POINT('',#2870);
#1024=VERTEX_POINT('',#2873);
#1025=VERTEX_POINT('',#2876);
#1026=VERTEX_POINT('',#2880);
#1027=VERTEX_POINT('',#2881);
#1028=VERTEX_POINT('',#2883);
#1029=VERTEX_POINT('',#2885);
#1030=VERTEX_POINT('',#2889);
#1031=VERTEX_POINT('',#2891);
#1032=VERTEX_POINT('',#2895);
#1033=VERTEX_POINT('',#2897);
#1034=VERTEX_POINT('',#2901);
#1035=VERTEX_POINT('',#2902);
#1036=VERTEX_POINT('',#2904);
#1037=VERTEX_POINT('',#2906);
#1038=VERTEX_POINT('',#2909);
#1039=VERTEX_POINT('',#2911);
#1040=VERTEX_POINT('',#2914);
#1041=VERTEX_POINT('',#2916);
#1042=VERTEX_POINT('',#2920);
#1043=VERTEX_POINT('',#2922);
#1044=VERTEX_POINT('',#2926);
#1045=VERTEX_POINT('',#2928);
#1046=VERTEX_POINT('',#2932);
#1047=VERTEX_POINT('',#2934);
#1048=VERTEX_POINT('',#2938);
#1049=VERTEX_POINT('',#2939);
#1050=VERTEX_POINT('',#2941);
#1051=VERTEX_POINT('',#2943);
#1052=VERTEX_POINT('',#2946);
#1053=VERTEX_POINT('',#2947);
#1054=VERTEX_POINT('',#2952);
#1055=VERTEX_POINT('',#2954);
#1056=VERTEX_POINT('',#2958);
#1057=VERTEX_POINT('',#2960);
#1058=VERTEX_POINT('',#2964);
#1059=VERTEX_POINT('',#2966);
#1060=VERTEX_POINT('',#2970);
#1061=VERTEX_POINT('',#2972);
#1062=VERTEX_POINT('',#2976);
#1063=VERTEX_POINT('',#2978);
#1064=VERTEX_POINT('',#2982);
#1065=VERTEX_POINT('',#2984);
#1066=VERTEX_POINT('',#2988);
#1067=VERTEX_POINT('',#2990);
#1068=VERTEX_POINT('',#2994);
#1069=VERTEX_POINT('',#2996);
#1070=VERTEX_POINT('',#2999);
#1071=VERTEX_POINT('',#3001);
#1072=VERTEX_POINT('',#3007);
#1073=VERTEX_POINT('',#3009);
#1074=VERTEX_POINT('',#3018);
#1075=VERTEX_POINT('',#3021);
#1076=VERTEX_POINT('',#3024);
#1077=VERTEX_POINT('',#3027);
#1078=VERTEX_POINT('',#3029);
#1079=VERTEX_POINT('',#3032);
#1080=VERTEX_POINT('',#3038);
#1081=VERTEX_POINT('',#3040);
#1082=VERTEX_POINT('',#3044);
#1083=VERTEX_POINT('',#3048);
#1084=VERTEX_POINT('',#3052);
#1085=VERTEX_POINT('',#3056);
#1086=VERTEX_POINT('',#3060);
#1087=VERTEX_POINT('',#3064);
#1088=VERTEX_POINT('',#3068);
#1089=VERTEX_POINT('',#3072);
#1090=VERTEX_POINT('',#3076);
#1091=VERTEX_POINT('',#3080);
#1092=VERTEX_POINT('',#3084);
#1093=VERTEX_POINT('',#3088);
#1094=VERTEX_POINT('',#3092);
#1095=VERTEX_POINT('',#3096);
#1096=VERTEX_POINT('',#3102);
#1097=VERTEX_POINT('',#3106);
#1098=VERTEX_POINT('',#3112);
#1099=VERTEX_POINT('',#3116);
#1100=VERTEX_POINT('',#3122);
#1101=VERTEX_POINT('',#3126);
#1102=VERTEX_POINT('',#3149);
#1103=VERTEX_POINT('',#3153);
#1104=VERTEX_POINT('',#3160);
#1105=VERTEX_POINT('',#3164);
#1106=VERTEX_POINT('',#3171);
#1107=VERTEX_POINT('',#3175);
#1108=LINE('',#2625,#1320);
#1109=LINE('',#2628,#1321);
#1110=LINE('',#2630,#1322);
#1111=LINE('',#2632,#1323);
#1112=LINE('',#2634,#1324);
#1113=LINE('',#2637,#1325);
#1114=LINE('',#2639,#1326);
#1115=LINE('',#2641,#1327);
#1116=LINE('',#2643,#1328);
#1117=LINE('',#2646,#1329);
#1118=LINE('',#2648,#1330);
#1119=LINE('',#2652,#1331);
#1120=LINE('',#2654,#1332);
#1121=LINE('',#2656,#1333);
#1122=LINE('',#2660,#1334);
#1123=LINE('',#2662,#1335);
#1124=LINE('',#2664,#1336);
#1125=LINE('',#2668,#1337);
#1126=LINE('',#2670,#1338);
#1127=LINE('',#2672,#1339);
#1128=LINE('',#2675,#1340);
#1129=LINE('',#2678,#1341);
#1130=LINE('',#2680,#1342);
#1131=LINE('',#2684,#1343);
#1132=LINE('',#2686,#1344);
#1133=LINE('',#2688,#1345);
#1134=LINE('',#2692,#1346);
#1135=LINE('',#2694,#1347);
#1136=LINE('',#2696,#1348);
#1137=LINE('',#2700,#1349);
#1138=LINE('',#2702,#1350);
#1139=LINE('',#2704,#1351);
#1140=LINE('',#2710,#1352);
#1141=LINE('',#2713,#1353);
#1142=LINE('',#2715,#1354);
#1143=LINE('',#2719,#1355);
#1144=LINE('',#2721,#1356);
#1145=LINE('',#2723,#1357);
#1146=LINE('',#2729,#1358);
#1147=LINE('',#2732,#1359);
#1148=LINE('',#2734,#1360);
#1149=LINE('',#2738,#1361);
#1150=LINE('',#2740,#1362);
#1151=LINE('',#2743,#1363);
#1152=LINE('',#2746,#1364);
#1153=LINE('',#2748,#1365);
#1154=LINE('',#2750,#1366);
#1155=LINE('',#2754,#1367);
#1156=LINE('',#2756,#1368);
#1157=LINE('',#2758,#1369);
#1158=LINE('',#2760,#1370);
#1159=LINE('',#2765,#1371);
#1160=LINE('',#2769,#1372);
#1161=LINE('',#2773,#1373);
#1162=LINE('',#2775,#1374);
#1163=LINE('',#2777,#1375);
#1164=LINE('',#2778,#1376);
#1165=LINE('',#2780,#1377);
#1166=LINE('',#2782,#1378);
#1167=LINE('',#2783,#1379);
#1168=LINE('',#2785,#1380);
#1169=LINE('',#2787,#1381);
#1170=LINE('',#2789,#1382);
#1171=LINE('',#2793,#1383);
#1172=LINE('',#2795,#1384);
#1173=LINE('',#2797,#1385);
#1174=LINE('',#2799,#1386);
#1175=LINE('',#2801,#1387);
#1176=LINE('',#2803,#1388);
#1177=LINE('',#2805,#1389);
#1178=LINE('',#2807,#1390);
#1179=LINE('',#2808,#1391);
#1180=LINE('',#2810,#1392);
#1181=LINE('',#2812,#1393);
#1182=LINE('',#2814,#1394);
#1183=LINE('',#2816,#1395);
#1184=LINE('',#2818,#1396);
#1185=LINE('',#2820,#1397);
#1186=LINE('',#2822,#1398);
#1187=LINE('',#2824,#1399);
#1188=LINE('',#2828,#1400);
#1189=LINE('',#2830,#1401);
#1190=LINE('',#2832,#1402);
#1191=LINE('',#2834,#1403);
#1192=LINE('',#2836,#1404);
#1193=LINE('',#2838,#1405);
#1194=LINE('',#2839,#1406);
#1195=LINE('',#2841,#1407);
#1196=LINE('',#2843,#1408);
#1197=LINE('',#2847,#1409);
#1198=LINE('',#2851,#1410);
#1199=LINE('',#2853,#1411);
#1200=LINE('',#2855,#1412);
#1201=LINE('',#2857,#1413);
#1202=LINE('',#2860,#1414);
#1203=LINE('',#2862,#1415);
#1204=LINE('',#2864,#1416);
#1205=LINE('',#2865,#1417);
#1206=LINE('',#2867,#1418);
#1207=LINE('',#2869,#1419);
#1208=LINE('',#2871,#1420);
#1209=LINE('',#2872,#1421);
#1210=LINE('',#2874,#1422);
#1211=LINE('',#2875,#1423);
#1212=LINE('',#2877,#1424);
#1213=LINE('',#2879,#1425);
#1214=LINE('',#2882,#1426);
#1215=LINE('',#2884,#1427);
#1216=LINE('',#2886,#1428);
#1217=LINE('',#2890,#1429);
#1218=LINE('',#2894,#1430);
#1219=LINE('',#2896,#1431);
#1220=LINE('',#2898,#1432);
#1221=LINE('',#2900,#1433);
#1222=LINE('',#2905,#1434);
#1223=LINE('',#2910,#1435);
#1224=LINE('',#2913,#1436);
#1225=LINE('',#2915,#1437);
#1226=LINE('',#2917,#1438);
#1227=LINE('',#2919,#1439);
#1228=LINE('',#2921,#1440);
#1229=LINE('',#2923,#1441);
#1230=LINE('',#2927,#1442);
#1231=LINE('',#2931,#1443);
#1232=LINE('',#2933,#1444);
#1233=LINE('',#2935,#1445);
#1234=LINE('',#2937,#1446);
#1235=LINE('',#2940,#1447);
#1236=LINE('',#2942,#1448);
#1237=LINE('',#2944,#1449);
#1238=LINE('',#2945,#1450);
#1239=LINE('',#2948,#1451);
#1240=LINE('',#2949,#1452);
#1241=LINE('',#2951,#1453);
#1242=LINE('',#2953,#1454);
#1243=LINE('',#2955,#1455);
#1244=LINE('',#2959,#1456);
#1245=LINE('',#2963,#1457);
#1246=LINE('',#2965,#1458);
#1247=LINE('',#2967,#1459);
#1248=LINE('',#2969,#1460);
#1249=LINE('',#2971,#1461);
#1250=LINE('',#2973,#1462);
#1251=LINE('',#2975,#1463);
#1252=LINE('',#2977,#1464);
#1253=LINE('',#2979,#1465);
#1254=LINE('',#2983,#1466);
#1255=LINE('',#2987,#1467);
#1256=LINE('',#2989,#1468);
#1257=LINE('',#2991,#1469);
#1258=LINE('',#3003,#1470);
#1259=LINE('',#3004,#1471);
#1260=LINE('',#3011,#1472);
#1261=LINE('',#3012,#1473);
#1262=LINE('',#3014,#1474);
#1263=LINE('',#3015,#1475);
#1264=LINE('',#3026,#1476);
#1265=LINE('',#3030,#1477);
#1266=LINE('',#3037,#1478);
#1267=LINE('',#3041,#1479);
#1268=LINE('',#3043,#1480);
#1269=LINE('',#3045,#1481);
#1270=LINE('',#3047,#1482);
#1271=LINE('',#3049,#1483);
#1272=LINE('',#3051,#1484);
#1273=LINE('',#3053,#1485);
#1274=LINE('',#3055,#1486);
#1275=LINE('',#3059,#1487);
#1276=LINE('',#3061,#1488);
#1277=LINE('',#3063,#1489);
#1278=LINE('',#3065,#1490);
#1279=LINE('',#3067,#1491);
#1280=LINE('',#3069,#1492);
#1281=LINE('',#3071,#1493);
#1282=LINE('',#3075,#1494);
#1283=LINE('',#3077,#1495);
#1284=LINE('',#3079,#1496);
#1285=LINE('',#3081,#1497);
#1286=LINE('',#3083,#1498);
#1287=LINE('',#3085,#1499);
#1288=LINE('',#3087,#1500);
#1289=LINE('',#3091,#1501);
#1290=LINE('',#3093,#1502);
#1291=LINE('',#3095,#1503);
#1292=LINE('',#3097,#1504);
#1293=LINE('',#3099,#1505);
#1294=LINE('',#3101,#1506);
#1295=LINE('',#3103,#1507);
#1296=LINE('',#3105,#1508);
#1297=LINE('',#3109,#1509);
#1298=LINE('',#3111,#1510);
#1299=LINE('',#3113,#1511);
#1300=LINE('',#3115,#1512);
#1301=LINE('',#3119,#1513);
#1302=LINE('',#3121,#1514);
#1303=LINE('',#3123,#1515);
#1304=LINE('',#3125,#1516);
#1305=LINE('',#3129,#1517);
#1306=LINE('',#3132,#1518);
#1307=LINE('',#3133,#1519);
#1308=LINE('',#3148,#1520);
#1309=LINE('',#3150,#1521);
#1310=LINE('',#3154,#1522);
#1311=LINE('',#3156,#1523);
#1312=LINE('',#3159,#1524);
#1313=LINE('',#3161,#1525);
#1314=LINE('',#3165,#1526);
#1315=LINE('',#3167,#1527);
#1316=LINE('',#3170,#1528);
#1317=LINE('',#3172,#1529);
#1318=LINE('',#3176,#1530);
#1319=LINE('',#3178,#1531);
#1320=VECTOR('',#2101,1.);
#1321=VECTOR('',#2102,1.);
#1322=VECTOR('',#2103,1.);
#1323=VECTOR('',#2104,1.);
#1324=VECTOR('',#2107,1.);
#1325=VECTOR('',#2108,1.);
#1326=VECTOR('',#2109,1.);
#1327=VECTOR('',#2110,1.);
#1328=VECTOR('',#2113,1.);
#1329=VECTOR('',#2114,1.);
#1330=VECTOR('',#2115,1.);
#1331=VECTOR('',#2118,1.);
#1332=VECTOR('',#2119,1.);
#1333=VECTOR('',#2120,1.);
#1334=VECTOR('',#2123,1.);
#1335=VECTOR('',#2124,1.);
#1336=VECTOR('',#2125,1.);
#1337=VECTOR('',#2128,1.);
#1338=VECTOR('',#2129,1.);
#1339=VECTOR('',#2130,1.);
#1340=VECTOR('',#2133,1.);
#1341=VECTOR('',#2134,1.);
#1342=VECTOR('',#2135,1.);
#1343=VECTOR('',#2138,1.);
#1344=VECTOR('',#2139,1.);
#1345=VECTOR('',#2140,1.);
#1346=VECTOR('',#2143,1.);
#1347=VECTOR('',#2144,1.);
#1348=VECTOR('',#2145,1.);
#1349=VECTOR('',#2148,1.);
#1350=VECTOR('',#2149,1.);
#1351=VECTOR('',#2150,1.);
#1352=VECTOR('',#2157,1.);
#1353=VECTOR('',#2158,1.);
#1354=VECTOR('',#2159,1.);
#1355=VECTOR('',#2162,1.);
#1356=VECTOR('',#2163,1.);
#1357=VECTOR('',#2164,1.);
#1358=VECTOR('',#2171,1.);
#1359=VECTOR('',#2172,1.);
#1360=VECTOR('',#2173,1.);
#1361=VECTOR('',#2176,1.);
#1362=VECTOR('',#2177,1.);
#1363=VECTOR('',#2182,1.);
#1364=VECTOR('',#2183,1.);
#1365=VECTOR('',#2184,1.);
#1366=VECTOR('',#2185,1.);
#1367=VECTOR('',#2190,1.);
#1368=VECTOR('',#2193,1.);
#1369=VECTOR('',#2194,1.);
#1370=VECTOR('',#2197,1.);
#1371=VECTOR('',#2200,1.);
#1372=VECTOR('',#2203,1.);
#1373=VECTOR('',#2208,1.);
#1374=VECTOR('',#2209,1.);
#1375=VECTOR('',#2210,1.);
#1376=VECTOR('',#2211,1.);
#1377=VECTOR('',#2212,1.);
#1378=VECTOR('',#2213,1.);
#1379=VECTOR('',#2214,1.);
#1380=VECTOR('',#2215,1.);
#1381=VECTOR('',#2218,1.);
#1382=VECTOR('',#2219,1.);
#1383=VECTOR('',#2224,1.);
#1384=VECTOR('',#2227,1.);
#1385=VECTOR('',#2228,1.);
#1386=VECTOR('',#2231,1.);
#1387=VECTOR('',#2232,1.);
#1388=VECTOR('',#2233,1.);
#1389=VECTOR('',#2234,1.);
#1390=VECTOR('',#2235,1.);
#1391=VECTOR('',#2236,1.);
#1392=VECTOR('',#2237,1.);
#1393=VECTOR('',#2240,1.);
#1394=VECTOR('',#2241,1.);
#1395=VECTOR('',#2242,1.);
#1396=VECTOR('',#2243,1.);
#1397=VECTOR('',#2246,1.);
#1398=VECTOR('',#2247,1.);
#1399=VECTOR('',#2248,1.);
#1400=VECTOR('',#2253,1.);
#1401=VECTOR('',#2254,1.);
#1402=VECTOR('',#2255,1.);
#1403=VECTOR('',#2256,1.);
#1404=VECTOR('',#2259,1.);
#1405=VECTOR('',#2260,1.);
#1406=VECTOR('',#2261,1.);
#1407=VECTOR('',#2262,1.);
#1408=VECTOR('',#2263,1.);
#1409=VECTOR('',#2268,1.);
#1410=VECTOR('',#2273,1.);
#1411=VECTOR('',#2274,1.);
#1412=VECTOR('',#2275,1.);
#1413=VECTOR('',#2278,1.);
#1414=VECTOR('',#2279,1.);
#1415=VECTOR('',#2280,1.);
#1416=VECTOR('',#2281,1.);
#1417=VECTOR('',#2282,1.);
#1418=VECTOR('',#2283,1.);
#1419=VECTOR('',#2284,1.);
#1420=VECTOR('',#2285,1.);
#1421=VECTOR('',#2286,1.);
#1422=VECTOR('',#2287,1.);
#1423=VECTOR('',#2288,1.);
#1424=VECTOR('',#2289,1.);
#1425=VECTOR('',#2292,1.);
#1426=VECTOR('',#2293,1.);
#1427=VECTOR('',#2294,1.);
#1428=VECTOR('',#2295,1.);
#1429=VECTOR('',#2300,1.);
#1430=VECTOR('',#2305,1.);
#1431=VECTOR('',#2306,1.);
#1432=VECTOR('',#2307,1.);
#1433=VECTOR('',#2310,1.);
#1434=VECTOR('',#2313,1.);
#1435=VECTOR('',#2318,1.);
#1436=VECTOR('',#2321,1.);
#1437=VECTOR('',#2322,1.);
#1438=VECTOR('',#2323,1.);
#1439=VECTOR('',#2326,1.);
#1440=VECTOR('',#2327,1.);
#1441=VECTOR('',#2328,1.);
#1442=VECTOR('',#2333,1.);
#1443=VECTOR('',#2338,1.);
#1444=VECTOR('',#2339,1.);
#1445=VECTOR('',#2340,1.);
#1446=VECTOR('',#2343,1.);
#1447=VECTOR('',#2344,1.);
#1448=VECTOR('',#2345,1.);
#1449=VECTOR('',#2346,1.);
#1450=VECTOR('',#2347,1.);
#1451=VECTOR('',#2348,1.);
#1452=VECTOR('',#2349,1.);
#1453=VECTOR('',#2352,1.);
#1454=VECTOR('',#2353,1.);
#1455=VECTOR('',#2354,1.);
#1456=VECTOR('',#2359,1.);
#1457=VECTOR('',#2364,1.);
#1458=VECTOR('',#2365,1.);
#1459=VECTOR('',#2366,1.);
#1460=VECTOR('',#2369,1.);
#1461=VECTOR('',#2370,1.);
#1462=VECTOR('',#2371,1.);
#1463=VECTOR('',#2374,1.);
#1464=VECTOR('',#2375,1.);
#1465=VECTOR('',#2376,1.);
#1466=VECTOR('',#2381,1.);
#1467=VECTOR('',#2386,1.);
#1468=VECTOR('',#2387,1.);
#1469=VECTOR('',#2388,1.);
#1470=VECTOR('',#2403,1.);
#1471=VECTOR('',#2404,1.);
#1472=VECTOR('',#2413,1.);
#1473=VECTOR('',#2414,1.);
#1474=VECTOR('',#2417,1.);
#1475=VECTOR('',#2418,1.);
#1476=VECTOR('',#2433,1.);
#1477=VECTOR('',#2436,1.);
#1478=VECTOR('',#2447,1.);
#1479=VECTOR('',#2450,1.);
#1480=VECTOR('',#2453,1.);
#1481=VECTOR('',#2454,1.);
#1482=VECTOR('',#2457,1.);
#1483=VECTOR('',#2458,1.);
#1484=VECTOR('',#2461,1.);
#1485=VECTOR('',#2462,1.);
#1486=VECTOR('',#2465,1.);
#1487=VECTOR('',#2470,1.);
#1488=VECTOR('',#2471,1.);
#1489=VECTOR('',#2474,1.);
#1490=VECTOR('',#2475,1.);
#1491=VECTOR('',#2478,1.);
#1492=VECTOR('',#2479,1.);
#1493=VECTOR('',#2482,1.);
#1494=VECTOR('',#2487,1.);
#1495=VECTOR('',#2488,1.);
#1496=VECTOR('',#2491,1.);
#1497=VECTOR('',#2492,1.);
#1498=VECTOR('',#2495,1.);
#1499=VECTOR('',#2496,1.);
#1500=VECTOR('',#2499,1.);
#1501=VECTOR('',#2504,1.);
#1502=VECTOR('',#2505,1.);
#1503=VECTOR('',#2508,1.);
#1504=VECTOR('',#2509,1.);
#1505=VECTOR('',#2512,1.);
#1506=VECTOR('',#2515,1.);
#1507=VECTOR('',#2516,1.);
#1508=VECTOR('',#2519,1.);
#1509=VECTOR('',#2524,1.);
#1510=VECTOR('',#2527,1.);
#1511=VECTOR('',#2528,1.);
#1512=VECTOR('',#2531,1.);
#1513=VECTOR('',#2536,1.);
#1514=VECTOR('',#2539,1.);
#1515=VECTOR('',#2540,1.);
#1516=VECTOR('',#2543,1.);
#1517=VECTOR('',#2548,1.);
#1518=VECTOR('',#2553,1.);
#1519=VECTOR('',#2554,1.);
#1520=VECTOR('',#2583,1.);
#1521=VECTOR('',#2584,1.);
#1522=VECTOR('',#2589,1.);
#1523=VECTOR('',#2592,1.);
#1524=VECTOR('',#2597,1.);
#1525=VECTOR('',#2598,1.);
#1526=VECTOR('',#2603,1.);
#1527=VECTOR('',#2606,1.);
#1528=VECTOR('',#2611,1.);
#1529=VECTOR('',#2612,1.);
#1530=VECTOR('',#2617,1.);
#1531=VECTOR('',#2620,1.);
#1532=EDGE_LOOP('',(#104,#105,#106,#107));
#1533=EDGE_LOOP('',(#108,#109,#110,#111));
#1534=EDGE_LOOP('',(#112,#113,#114,#115,#116,#117,#118,#119,#120,#121,#122,
#123,#124,#125,#126,#127));
#1535=EDGE_LOOP('',(#128,#129,#130,#131,#132,#133,#134,#135,#136,#137,#138,
#139,#140,#141,#142,#143));
#1536=EDGE_LOOP('',(#144));
#1537=EDGE_LOOP('',(#145,#146,#147,#148,#149,#150,#151,#152));
#1538=EDGE_LOOP('',(#153));
#1539=EDGE_LOOP('',(#154,#155,#156,#157,#158,#159,#160,#161));
#1540=EDGE_LOOP('',(#162,#163,#164,#165));
#1541=EDGE_LOOP('',(#166,#167,#168,#169));
#1542=EDGE_LOOP('',(#170,#171,#172,#173));
#1543=EDGE_LOOP('',(#174,#175,#176,#177,#178,#179,#180,#181));
#1544=EDGE_LOOP('',(#182,#183,#184,#185,#186,#187,#188,#189,#190,#191,#192,
#193));
#1545=EDGE_LOOP('',(#194,#195,#196,#197));
#1546=EDGE_LOOP('',(#198,#199,#200,#201));
#1547=EDGE_LOOP('',(#202,#203,#204,#205));
#1548=EDGE_LOOP('',(#206,#207,#208,#209,#210,#211,#212,#213,#214,#215));
#1549=EDGE_LOOP('',(#216,#217,#218,#219,#220,#221,#222,#223));
#1550=EDGE_LOOP('',(#224,#225,#226,#227,#228,#229,#230,#231));
#1551=EDGE_LOOP('',(#232,#233,#234,#235,#236,#237,#238,#239));
#1552=EDGE_LOOP('',(#240,#241,#242,#243,#244,#245,#246,#247,#248,#249));
#1553=EDGE_LOOP('',(#250,#251,#252,#253));
#1554=EDGE_LOOP('',(#254,#255,#256,#257));
#1555=EDGE_LOOP('',(#258,#259,#260,#261));
#1556=EDGE_LOOP('',(#262,#263,#264,#265,#266,#267,#268,#269,#270,#271,#272,
#273));
#1557=EDGE_LOOP('',(#274,#275,#276,#277));
#1558=EDGE_LOOP('',(#278,#279,#280,#281));
#1559=EDGE_LOOP('',(#282,#283,#284,#285));
#1560=EDGE_LOOP('',(#286,#287,#288,#289,#290,#291,#292,#293));
#1561=EDGE_LOOP('',(#294,#295,#296,#297));
#1562=EDGE_LOOP('',(#298,#299,#300,#301));
#1563=EDGE_LOOP('',(#302,#303,#304,#305));
#1564=EDGE_LOOP('',(#306,#307,#308,#309));
#1565=EDGE_LOOP('',(#310,#311,#312,#313));
#1566=EDGE_LOOP('',(#314,#315,#316,#317));
#1567=EDGE_LOOP('',(#318,#319,#320,#321));
#1568=EDGE_LOOP('',(#322,#323,#324,#325));
#1569=EDGE_LOOP('',(#326,#327,#328,#329));
#1570=EDGE_LOOP('',(#330,#331,#332,#333));
#1571=EDGE_LOOP('',(#334,#335,#336,#337));
#1572=EDGE_LOOP('',(#338,#339,#340,#341));
#1573=EDGE_LOOP('',(#342,#343,#344,#345));
#1574=EDGE_LOOP('',(#346));
#1575=EDGE_LOOP('',(#347));
#1576=EDGE_LOOP('',(#348));
#1577=EDGE_LOOP('',(#349));
#1578=EDGE_LOOP('',(#350,#351,#352,#353));
#1579=EDGE_LOOP('',(#354));
#1580=EDGE_LOOP('',(#355));
#1581=EDGE_LOOP('',(#356,#357,#358,#359));
#1582=EDGE_LOOP('',(#360,#361,#362,#363));
#1583=EDGE_LOOP('',(#364));
#1584=EDGE_LOOP('',(#365));
#1585=EDGE_LOOP('',(#366));
#1586=EDGE_LOOP('',(#367));
#1587=EDGE_LOOP('',(#368));
#1588=EDGE_LOOP('',(#369));
#1589=EDGE_LOOP('',(#370,#371,#372,#373,#374,#375,#376,#377));
#1590=EDGE_LOOP('',(#378));
#1591=EDGE_LOOP('',(#379));
#1592=EDGE_LOOP('',(#380));
#1593=EDGE_LOOP('',(#381));
#1594=EDGE_LOOP('',(#382));
#1595=EDGE_LOOP('',(#383));
#1596=EDGE_LOOP('',(#384));
#1597=EDGE_LOOP('',(#385,#386,#387,#388));
#1598=EDGE_LOOP('',(#389,#390,#391,#392));
#1599=EDGE_LOOP('',(#393,#394,#395,#396));
#1600=EDGE_LOOP('',(#397,#398,#399,#400));
#1601=EDGE_LOOP('',(#401,#402,#403,#404));
#1602=EDGE_LOOP('',(#405,#406,#407,#408));
#1603=EDGE_LOOP('',(#409,#410,#411,#412));
#1604=EDGE_LOOP('',(#413,#414,#415,#416));
#1605=EDGE_LOOP('',(#417,#418,#419,#420));
#1606=EDGE_LOOP('',(#421,#422,#423,#424));
#1607=EDGE_LOOP('',(#425,#426,#427,#428));
#1608=EDGE_LOOP('',(#429,#430,#431,#432));
#1609=EDGE_LOOP('',(#433,#434,#435,#436));
#1610=EDGE_LOOP('',(#437,#438,#439,#440));
#1611=EDGE_LOOP('',(#441,#442,#443,#444));
#1612=EDGE_LOOP('',(#445,#446,#447,#448));
#1613=EDGE_LOOP('',(#449,#450,#451,#452));
#1614=EDGE_LOOP('',(#453,#454,#455,#456));
#1615=EDGE_LOOP('',(#457,#458,#459,#460));
#1616=EDGE_LOOP('',(#461,#462,#463,#464));
#1617=EDGE_LOOP('',(#465,#466,#467,#468));
#1618=EDGE_LOOP('',(#469,#470,#471,#472));
#1619=EDGE_LOOP('',(#473,#474,#475,#476));
#1620=EDGE_LOOP('',(#477,#478,#479,#480));
#1621=EDGE_LOOP('',(#481,#482,#483,#484));
#1622=EDGE_LOOP('',(#485,#486,#487,#488,#489,#490,#491,#492,#493,#494,#495,
#496,#497,#498,#499,#500));
#1623=EDGE_LOOP('',(#501,#502,#503,#504,#505,#506,#507,#508,#509,#510,#511,
#512,#513,#514,#515,#516));
#1624=EDGE_LOOP('',(#517,#518,#519,#520));
#1625=EDGE_LOOP('',(#521,#522,#523,#524));
#1626=EDGE_LOOP('',(#525,#526,#527,#528));
#1627=EDGE_LOOP('',(#529,#530,#531,#532));
#1628=EDGE_LOOP('',(#533,#534,#535,#536));
#1629=EDGE_LOOP('',(#537,#538,#539,#540,#541,#542,#543,#544,#545,#546,#547,
#548,#549,#550,#551,#552));
#1630=EDGE_LOOP('',(#553,#554,#555,#556,#557,#558,#559,#560,#561,#562,#563,
#564,#565,#566,#567,#568));
#1631=EDGE_LOOP('',(#569,#570,#571,#572));
#1632=EDGE_LOOP('',(#573,#574,#575,#576));
#1633=EDGE_LOOP('',(#577,#578,#579,#580));
#1634=EDGE_LOOP('',(#581,#582,#583,#584));
#1635=EDGE_LOOP('',(#585,#586,#587,#588));
#1636=EDGE_LOOP('',(#589,#590,#591,#592));
#1637=EDGE_LOOP('',(#593,#594,#595,#596));
#1638=EDGE_LOOP('',(#597,#598,#599,#600,#601,#602,#603,#604));
#1639=EDGE_LOOP('',(#605));
#1640=EDGE_LOOP('',(#606,#607,#608,#609));
#1641=EDGE_LOOP('',(#610,#611,#612,#613));
#1642=EDGE_LOOP('',(#614,#615,#616,#617));
#1643=EDGE_LOOP('',(#618,#619,#620,#621,#622,#623,#624,#625));
#1644=EDGE_LOOP('',(#626));
#1645=EDGE_LOOP('',(#627,#628,#629,#630));
#1646=EDGE_LOOP('',(#631,#632,#633,#634));
#1647=EDGE_LOOP('',(#635,#636,#637,#638));
#1648=EDGE_LOOP('',(#639,#640,#641,#642,#643,#644,#645,#646));
#1649=EDGE_LOOP('',(#647));
#1650=FACE_BOUND('',#1532,.T.);
#1651=FACE_BOUND('',#1533,.T.);
#1652=FACE_BOUND('',#1534,.T.);
#1653=FACE_BOUND('',#1535,.T.);
#1654=FACE_BOUND('',#1536,.T.);
#1655=FACE_BOUND('',#1537,.T.);
#1656=FACE_BOUND('',#1538,.T.);
#1657=FACE_BOUND('',#1539,.T.);
#1658=FACE_BOUND('',#1540,.T.);
#1659=FACE_BOUND('',#1541,.T.);
#1660=FACE_BOUND('',#1542,.T.);
#1661=FACE_BOUND('',#1543,.T.);
#1662=FACE_BOUND('',#1544,.T.);
#1663=FACE_BOUND('',#1545,.T.);
#1664=FACE_BOUND('',#1546,.T.);
#1665=FACE_BOUND('',#1547,.T.);
#1666=FACE_BOUND('',#1548,.T.);
#1667=FACE_BOUND('',#1549,.T.);
#1668=FACE_BOUND('',#1550,.T.);
#1669=FACE_BOUND('',#1551,.T.);
#1670=FACE_BOUND('',#1552,.T.);
#1671=FACE_BOUND('',#1553,.T.);
#1672=FACE_BOUND('',#1554,.T.);
#1673=FACE_BOUND('',#1555,.T.);
#1674=FACE_BOUND('',#1556,.T.);
#1675=FACE_BOUND('',#1557,.T.);
#1676=FACE_BOUND('',#1558,.T.);
#1677=FACE_BOUND('',#1559,.T.);
#1678=FACE_BOUND('',#1560,.T.);
#1679=FACE_BOUND('',#1561,.T.);
#1680=FACE_BOUND('',#1562,.T.);
#1681=FACE_BOUND('',#1563,.T.);
#1682=FACE_BOUND('',#1564,.T.);
#1683=FACE_BOUND('',#1565,.T.);
#1684=FACE_BOUND('',#1566,.T.);
#1685=FACE_BOUND('',#1567,.T.);
#1686=FACE_BOUND('',#1568,.T.);
#1687=FACE_BOUND('',#1569,.T.);
#1688=FACE_BOUND('',#1570,.T.);
#1689=FACE_BOUND('',#1571,.T.);
#1690=FACE_BOUND('',#1572,.T.);
#1691=FACE_BOUND('',#1573,.T.);
#1692=FACE_BOUND('',#1574,.T.);
#1693=FACE_BOUND('',#1575,.T.);
#1694=FACE_BOUND('',#1576,.T.);
#1695=FACE_BOUND('',#1577,.T.);
#1696=FACE_BOUND('',#1578,.T.);
#1697=FACE_BOUND('',#1579,.T.);
#1698=FACE_BOUND('',#1580,.T.);
#1699=FACE_BOUND('',#1581,.T.);
#1700=FACE_BOUND('',#1582,.T.);
#1701=FACE_BOUND('',#1583,.T.);
#1702=FACE_BOUND('',#1584,.T.);
#1703=FACE_BOUND('',#1585,.T.);
#1704=FACE_BOUND('',#1586,.T.);
#1705=FACE_BOUND('',#1587,.T.);
#1706=FACE_BOUND('',#1588,.T.);
#1707=FACE_BOUND('',#1589,.T.);
#1708=FACE_BOUND('',#1590,.T.);
#1709=FACE_BOUND('',#1591,.T.);
#1710=FACE_BOUND('',#1592,.T.);
#1711=FACE_BOUND('',#1593,.T.);
#1712=FACE_BOUND('',#1594,.T.);
#1713=FACE_BOUND('',#1595,.T.);
#1714=FACE_BOUND('',#1596,.T.);
#1715=FACE_BOUND('',#1597,.T.);
#1716=FACE_BOUND('',#1598,.T.);
#1717=FACE_BOUND('',#1599,.T.);
#1718=FACE_BOUND('',#1600,.T.);
#1719=FACE_BOUND('',#1601,.T.);
#1720=FACE_BOUND('',#1602,.T.);
#1721=FACE_BOUND('',#1603,.T.);
#1722=FACE_BOUND('',#1604,.T.);
#1723=FACE_BOUND('',#1605,.T.);
#1724=FACE_BOUND('',#1606,.T.);
#1725=FACE_BOUND('',#1607,.T.);
#1726=FACE_BOUND('',#1608,.T.);
#1727=FACE_BOUND('',#1609,.T.);
#1728=FACE_BOUND('',#1610,.T.);
#1729=FACE_BOUND('',#1611,.T.);
#1730=FACE_BOUND('',#1612,.T.);
#1731=FACE_BOUND('',#1613,.T.);
#1732=FACE_BOUND('',#1614,.T.);
#1733=FACE_BOUND('',#1615,.T.);
#1734=FACE_BOUND('',#1616,.T.);
#1735=FACE_BOUND('',#1617,.T.);
#1736=FACE_BOUND('',#1618,.T.);
#1737=FACE_BOUND('',#1619,.T.);
#1738=FACE_BOUND('',#1620,.T.);
#1739=FACE_BOUND('',#1621,.T.);
#1740=FACE_BOUND('',#1622,.T.);
#1741=FACE_BOUND('',#1623,.T.);
#1742=FACE_BOUND('',#1624,.T.);
#1743=FACE_BOUND('',#1625,.T.);
#1744=FACE_BOUND('',#1626,.T.);
#1745=FACE_BOUND('',#1627,.T.);
#1746=FACE_BOUND('',#1628,.T.);
#1747=FACE_BOUND('',#1629,.T.);
#1748=FACE_BOUND('',#1630,.T.);
#1749=FACE_BOUND('',#1631,.T.);
#1750=FACE_BOUND('',#1632,.T.);
#1751=FACE_BOUND('',#1633,.T.);
#1752=FACE_BOUND('',#1634,.T.);
#1753=FACE_BOUND('',#1635,.T.);
#1754=FACE_BOUND('',#1636,.T.);
#1755=FACE_BOUND('',#1637,.T.);
#1756=FACE_BOUND('',#1638,.T.);
#1757=FACE_BOUND('',#1639,.T.);
#1758=FACE_BOUND('',#1640,.T.);
#1759=FACE_BOUND('',#1641,.T.);
#1760=FACE_BOUND('',#1642,.T.);
#1761=FACE_BOUND('',#1643,.T.);
#1762=FACE_BOUND('',#1644,.T.);
#1763=FACE_BOUND('',#1645,.T.);
#1764=FACE_BOUND('',#1646,.T.);
#1765=FACE_BOUND('',#1647,.T.);
#1766=FACE_BOUND('',#1648,.T.);
#1767=FACE_BOUND('',#1649,.T.);
#1768=PLANE('',#1941);
#1769=PLANE('',#1942);
#1770=PLANE('',#1943);
#1771=PLANE('',#1952);
#1772=PLANE('',#1956);
#1773=PLANE('',#1960);
#1774=PLANE('',#1963);
#1775=PLANE('',#1964);
#1776=PLANE('',#1969);
#1777=PLANE('',#1972);
#1778=PLANE('',#1973);
#1779=PLANE('',#1974);
#1780=PLANE('',#1977);
#1781=PLANE('',#1978);
#1782=PLANE('',#1982);
#1783=PLANE('',#1983);
#1784=PLANE('',#1984);
#1785=PLANE('',#1988);
#1786=PLANE('',#1989);
#1787=PLANE('',#1994);
#1788=PLANE('',#1998);
#1789=PLANE('',#1999);
#1790=PLANE('',#2000);
#1791=PLANE('',#2004);
#1792=PLANE('',#2005);
#1793=PLANE('',#2006);
#1794=PLANE('',#2010);
#1795=PLANE('',#2017);
#1796=PLANE('',#2021);
#1797=PLANE('',#2022);
#1798=PLANE('',#2023);
#1799=PLANE('',#2025);
#1800=PLANE('',#2027);
#1801=PLANE('',#2029);
#1802=PLANE('',#2037);
#1803=PLANE('',#2038);
#1804=PLANE('',#2039);
#1805=PLANE('',#2042);
#1806=PLANE('',#2043);
#1807=PLANE('',#2044);
#1808=PLANE('',#2047);
#1809=PLANE('',#2048);
#1810=PLANE('',#2049);
#1811=PLANE('',#2052);
#1812=PLANE('',#2053);
#1813=PLANE('',#2054);
#1814=PLANE('',#2055);
#1815=PLANE('',#2058);
#1816=PLANE('',#2059);
#1817=PLANE('',#2062);
#1818=PLANE('',#2063);
#1819=PLANE('',#2066);
#1820=PLANE('',#2067);
#1821=PLANE('',#2068);
#1822=PLANE('',#2073);
#1823=PLANE('',#2082);
#1824=PLANE('',#2085);
#1825=PLANE('',#2086);
#1826=PLANE('',#2087);
#1827=PLANE('',#2090);
#1828=PLANE('',#2091);
#1829=PLANE('',#2092);
#1830=PLANE('',#2095);
#1831=PLANE('',#2096);
#1832=ADVANCED_FACE('',(#1650),#1768,.T.);
#1833=ADVANCED_FACE('',(#1651),#1769,.T.);
#1834=ADVANCED_FACE('',(#1652,#1653),#1770,.F.);
#1835=ADVANCED_FACE('',(#1654,#1655),#1771,.F.);
#1836=ADVANCED_FACE('',(#1656,#1657),#1772,.F.);
#1837=ADVANCED_FACE('',(#1658),#1773,.T.);
#1838=ADVANCED_FACE('',(#1659),#16,.T.);
#1839=ADVANCED_FACE('',(#1660),#1774,.F.);
#1840=ADVANCED_FACE('',(#1661,#1662),#1775,.F.);
#1841=ADVANCED_FACE('',(#1663),#1776,.T.);
#1842=ADVANCED_FACE('',(#1664),#17,.T.);
#1843=ADVANCED_FACE('',(#1665),#1777,.F.);
#1844=ADVANCED_FACE('',(#1666),#1778,.F.);
#1845=ADVANCED_FACE('',(#1667),#1779,.F.);
#1846=ADVANCED_FACE('',(#1668),#18,.F.);
#1847=ADVANCED_FACE('',(#1669),#1780,.F.);
#1848=ADVANCED_FACE('',(#1670),#1781,.F.);
#1849=ADVANCED_FACE('',(#1671),#19,.T.);
#1850=ADVANCED_FACE('',(#1672),#1782,.F.);
#1851=ADVANCED_FACE('',(#1673,#1674),#1783,.F.);
#1852=ADVANCED_FACE('',(#1675),#1784,.F.);
#1853=ADVANCED_FACE('',(#1676),#20,.T.);
#1854=ADVANCED_FACE('',(#1677),#1785,.F.);
#1855=ADVANCED_FACE('',(#1678,#1679),#1786,.F.);
#1856=ADVANCED_FACE('',(#1680),#1787,.F.);
#1857=ADVANCED_FACE('',(#1681),#21,.T.);
#1858=ADVANCED_FACE('',(#1682),#1788,.F.);
#1859=ADVANCED_FACE('',(#1683,#1684),#1789,.F.);
#1860=ADVANCED_FACE('',(#1685),#1790,.F.);
#1861=ADVANCED_FACE('',(#1686),#22,.T.);
#1862=ADVANCED_FACE('',(#1687),#1791,.F.);
#1863=ADVANCED_FACE('',(#1688),#1792,.F.);
#1864=ADVANCED_FACE('',(#1689),#1793,.F.);
#1865=ADVANCED_FACE('',(#1690),#23,.T.);
#1866=ADVANCED_FACE('',(#1691),#1794,.F.);
#1867=ADVANCED_FACE('',(#1692,#1693),#24,.F.);
#1868=ADVANCED_FACE('',(#1694,#1695),#25,.F.);
#1869=ADVANCED_FACE('',(#1696),#1795,.F.);
#1870=ADVANCED_FACE('',(#1697,#1698),#26,.F.);
#1871=ADVANCED_FACE('',(#1699),#1796,.T.);
#1872=ADVANCED_FACE('',(#1700),#1797,.F.);
#1873=ADVANCED_FACE('',(#1701,#1702),#1798,.F.);
#1874=ADVANCED_FACE('',(#1703,#1704),#1799,.F.);
#1875=ADVANCED_FACE('',(#1705,#1706),#1800,.F.);
#1876=ADVANCED_FACE('',(#1707,#1708),#1801,.F.);
#1877=ADVANCED_FACE('',(#1709,#1710),#27,.F.);
#1878=ADVANCED_FACE('',(#1711,#1712),#28,.F.);
#1879=ADVANCED_FACE('',(#1713,#1714),#29,.F.);
#1880=ADVANCED_FACE('',(#1715),#30,.F.);
#1881=ADVANCED_FACE('',(#1716),#1802,.F.);
#1882=ADVANCED_FACE('',(#1717),#1803,.F.);
#1883=ADVANCED_FACE('',(#1718),#1804,.F.);
#1884=ADVANCED_FACE('',(#1719),#31,.F.);
#1885=ADVANCED_FACE('',(#1720),#1805,.F.);
#1886=ADVANCED_FACE('',(#1721),#1806,.F.);
#1887=ADVANCED_FACE('',(#1722),#1807,.F.);
#1888=ADVANCED_FACE('',(#1723),#32,.F.);
#1889=ADVANCED_FACE('',(#1724),#1808,.F.);
#1890=ADVANCED_FACE('',(#1725),#1809,.F.);
#1891=ADVANCED_FACE('',(#1726),#1810,.F.);
#1892=ADVANCED_FACE('',(#1727),#33,.F.);
#1893=ADVANCED_FACE('',(#1728),#1811,.F.);
#1894=ADVANCED_FACE('',(#1729),#1812,.F.);
#1895=ADVANCED_FACE('',(#1730),#1813,.F.);
#1896=ADVANCED_FACE('',(#1731),#1814,.T.);
#1897=ADVANCED_FACE('',(#1732),#34,.F.);
#1898=ADVANCED_FACE('',(#1733),#1815,.T.);
#1899=ADVANCED_FACE('',(#1734),#1816,.T.);
#1900=ADVANCED_FACE('',(#1735),#35,.F.);
#1901=ADVANCED_FACE('',(#1736),#1817,.T.);
#1902=ADVANCED_FACE('',(#1737),#1818,.T.);
#1903=ADVANCED_FACE('',(#1738),#36,.F.);
#1904=ADVANCED_FACE('',(#1739),#1819,.T.);
#1905=ADVANCED_FACE('',(#1740,#1741),#1820,.T.);
#1906=ADVANCED_FACE('',(#1742),#1821,.F.);
#1907=ADVANCED_FACE('',(#1743),#37,.F.);
#1908=ADVANCED_FACE('',(#1744),#38,.F.);
#1909=ADVANCED_FACE('',(#1745),#39,.F.);
#1910=ADVANCED_FACE('',(#1746),#40,.F.);
#1911=ADVANCED_FACE('',(#1747,#1748),#1822,.F.);
#1912=ADVANCED_FACE('',(#1749),#41,.T.);
#1913=ADVANCED_FACE('',(#1750),#42,.T.);
#1914=ADVANCED_FACE('',(#1751),#43,.T.);
#1915=ADVANCED_FACE('',(#1752),#44,.T.);
#1916=ADVANCED_FACE('',(#1753),#1823,.T.);
#1917=ADVANCED_FACE('',(#1754),#45,.F.);
#1918=ADVANCED_FACE('',(#1755),#1824,.T.);
#1919=ADVANCED_FACE('',(#1756,#1757),#1825,.F.);
#1920=ADVANCED_FACE('',(#1758),#1826,.T.);
#1921=ADVANCED_FACE('',(#1759),#46,.F.);
#1922=ADVANCED_FACE('',(#1760),#1827,.T.);
#1923=ADVANCED_FACE('',(#1761,#1762),#1828,.F.);
#1924=ADVANCED_FACE('',(#1763),#1829,.F.);
#1925=ADVANCED_FACE('',(#1764),#47,.F.);
#1926=ADVANCED_FACE('',(#1765),#1830,.F.);
#1927=ADVANCED_FACE('',(#1766,#1767),#1831,.F.);
#1928=CLOSED_SHELL('',(#1832,#1833,#1834,#1835,#1836,#1837,#1838,#1839,
#1840,#1841,#1842,#1843,#1844,#1845,#1846,#1847,#1848,#1849,#1850,#1851,
#1852,#1853,#1854,#1855,#1856,#1857,#1858,#1859,#1860,#1861,#1862,#1863,
#1864,#1865,#1866,#1867,#1868,#1869,#1870,#1871,#1872,#1873,#1874,#1875,
#1876,#1877,#1878,#1879,#1880,#1881,#1882,#1883,#1884,#1885,#1886,#1887,
#1888,#1889,#1890,#1891,#1892,#1893,#1894,#1895,#1896,#1897,#1898,#1899,
#1900,#1901,#1902,#1903,#1904,#1905,#1906,#1907,#1908,#1909,#1910,#1911,
#1912,#1913,#1914,#1915,#1916,#1917,#1918,#1919,#1920,#1921,#1922,#1923,
#1924,#1925,#1926,#1927));
#1929=STYLED_ITEM('',(#1930),#1937);
#1930=PRESENTATION_STYLE_ASSIGNMENT((#1931));
#1931=SURFACE_STYLE_USAGE(.BOTH.,#1932);
#1932=SURFACE_SIDE_STYLE('',(#1933));
#1933=SURFACE_STYLE_FILL_AREA(#1934);
#1934=FILL_AREA_STYLE('',(#1935));
#1935=FILL_AREA_STYLE_COLOUR('',#1936);
#1936=COLOUR_RGB('',0.301960784313725,0.301960784313725,0.301960784313725);
#1937=MANIFOLD_SOLID_BREP('v2_case',#1928);
#1938=SHAPE_DEFINITION_REPRESENTATION(#3186,#1939);
#1939=SHAPE_REPRESENTATION('v2_case',(#1940),#3181);
#1940=AXIS2_PLACEMENT_3D('',#2623,#2097,#2098);
#1941=AXIS2_PLACEMENT_3D('',#2624,#2099,#2100);
#1942=AXIS2_PLACEMENT_3D('',#2633,#2105,#2106);
#1943=AXIS2_PLACEMENT_3D('',#2642,#2111,#2112);
#1944=AXIS2_PLACEMENT_3D('',#2650,#2116,#2117);
#1945=AXIS2_PLACEMENT_3D('',#2658,#2121,#2122);
#1946=AXIS2_PLACEMENT_3D('',#2666,#2126,#2127);
#1947=AXIS2_PLACEMENT_3D('',#2674,#2131,#2132);
#1948=AXIS2_PLACEMENT_3D('',#2682,#2136,#2137);
#1949=AXIS2_PLACEMENT_3D('',#2690,#2141,#2142);
#1950=AXIS2_PLACEMENT_3D('',#2698,#2146,#2147);
#1951=AXIS2_PLACEMENT_3D('',#2706,#2151,#2152);
#1952=AXIS2_PLACEMENT_3D('',#2707,#2153,#2154);
#1953=AXIS2_PLACEMENT_3D('',#2708,#2155,#2156);
#1954=AXIS2_PLACEMENT_3D('',#2717,#2160,#2161);
#1955=AXIS2_PLACEMENT_3D('',#2725,#2165,#2166);
#1956=AXIS2_PLACEMENT_3D('',#2726,#2167,#2168);
#1957=AXIS2_PLACEMENT_3D('',#2727,#2169,#2170);
#1958=AXIS2_PLACEMENT_3D('',#2736,#2174,#2175);
#1959=AXIS2_PLACEMENT_3D('',#2741,#2178,#2179);
#1960=AXIS2_PLACEMENT_3D('',#2742,#2180,#2181);
#1961=AXIS2_PLACEMENT_3D('',#2751,#2186,#2187);
#1962=AXIS2_PLACEMENT_3D('',#2752,#2188,#2189);
#1963=AXIS2_PLACEMENT_3D('',#2755,#2191,#2192);
#1964=AXIS2_PLACEMENT_3D('',#2759,#2195,#2196);
#1965=AXIS2_PLACEMENT_3D('',#2763,#2198,#2199);
#1966=AXIS2_PLACEMENT_3D('',#2767,#2201,#2202);
#1967=AXIS2_PLACEMENT_3D('',#2771,#2204,#2205);
#1968=AXIS2_PLACEMENT_3D('',#2772,#2206,#2207);
#1969=AXIS2_PLACEMENT_3D('',#2786,#2216,#2217);
#1970=AXIS2_PLACEMENT_3D('',#2790,#2220,#2221);
#1971=AXIS2_PLACEMENT_3D('',#2791,#2222,#2223);
#1972=AXIS2_PLACEMENT_3D('',#2794,#2225,#2226);
#1973=AXIS2_PLACEMENT_3D('',#2798,#2229,#2230);
#1974=AXIS2_PLACEMENT_3D('',#2811,#2238,#2239);
#1975=AXIS2_PLACEMENT_3D('',#2819,#2244,#2245);
#1976=AXIS2_PLACEMENT_3D('',#2826,#2249,#2250);
#1977=AXIS2_PLACEMENT_3D('',#2827,#2251,#2252);
#1978=AXIS2_PLACEMENT_3D('',#2835,#2257,#2258);
#1979=AXIS2_PLACEMENT_3D('',#2844,#2264,#2265);
#1980=AXIS2_PLACEMENT_3D('',#2845,#2266,#2267);
#1981=AXIS2_PLACEMENT_3D('',#2849,#2269,#2270);
#1982=AXIS2_PLACEMENT_3D('',#2850,#2271,#2272);
#1983=AXIS2_PLACEMENT_3D('',#2856,#2276,#2277);
#1984=AXIS2_PLACEMENT_3D('',#2878,#2290,#2291);
#1985=AXIS2_PLACEMENT_3D('',#2887,#2296,#2297);
#1986=AXIS2_PLACEMENT_3D('',#2888,#2298,#2299);
#1987=AXIS2_PLACEMENT_3D('',#2892,#2301,#2302);
#1988=AXIS2_PLACEMENT_3D('',#2893,#2303,#2304);
#1989=AXIS2_PLACEMENT_3D('',#2899,#2308,#2309);
#1990=AXIS2_PLACEMENT_3D('',#2903,#2311,#2312);
#1991=AXIS2_PLACEMENT_3D('',#2907,#2314,#2315);
#1992=AXIS2_PLACEMENT_3D('',#2908,#2316,#2317);
#1993=AXIS2_PLACEMENT_3D('',#2912,#2319,#2320);
#1994=AXIS2_PLACEMENT_3D('',#2918,#2324,#2325);
#1995=AXIS2_PLACEMENT_3D('',#2924,#2329,#2330);
#1996=AXIS2_PLACEMENT_3D('',#2925,#2331,#2332);
#1997=AXIS2_PLACEMENT_3D('',#2929,#2334,#2335);
#1998=AXIS2_PLACEMENT_3D('',#2930,#2336,#2337);
#1999=AXIS2_PLACEMENT_3D('',#2936,#2341,#2342);
#2000=AXIS2_PLACEMENT_3D('',#2950,#2350,#2351);
#2001=AXIS2_PLACEMENT_3D('',#2956,#2355,#2356);
#2002=AXIS2_PLACEMENT_3D('',#2957,#2357,#2358);
#2003=AXIS2_PLACEMENT_3D('',#2961,#2360,#2361);
#2004=AXIS2_PLACEMENT_3D('',#2962,#2362,#2363);
#2005=AXIS2_PLACEMENT_3D('',#2968,#2367,#2368);
#2006=AXIS2_PLACEMENT_3D('',#2974,#2372,#2373);
#2007=AXIS2_PLACEMENT_3D('',#2980,#2377,#2378);
#2008=AXIS2_PLACEMENT_3D('',#2981,#2379,#2380);
#2009=AXIS2_PLACEMENT_3D('',#2985,#2382,#2383);
#2010=AXIS2_PLACEMENT_3D('',#2986,#2384,#2385);
#2011=AXIS2_PLACEMENT_3D('',#2992,#2389,#2390);
#2012=AXIS2_PLACEMENT_3D('',#2993,#2391,#2392);
#2013=AXIS2_PLACEMENT_3D('',#2995,#2393,#2394);
#2014=AXIS2_PLACEMENT_3D('',#2997,#2395,#2396);
#2015=AXIS2_PLACEMENT_3D('',#2998,#2397,#2398);
#2016=AXIS2_PLACEMENT_3D('',#3000,#2399,#2400);
#2017=AXIS2_PLACEMENT_3D('',#3002,#2401,#2402);
#2018=AXIS2_PLACEMENT_3D('',#3005,#2405,#2406);
#2019=AXIS2_PLACEMENT_3D('',#3006,#2407,#2408);
#2020=AXIS2_PLACEMENT_3D('',#3008,#2409,#2410);
#2021=AXIS2_PLACEMENT_3D('',#3010,#2411,#2412);
#2022=AXIS2_PLACEMENT_3D('',#3013,#2415,#2416);
#2023=AXIS2_PLACEMENT_3D('',#3016,#2419,#2420);
#2024=AXIS2_PLACEMENT_3D('',#3017,#2421,#2422);
#2025=AXIS2_PLACEMENT_3D('',#3019,#2423,#2424);
#2026=AXIS2_PLACEMENT_3D('',#3020,#2425,#2426);
#2027=AXIS2_PLACEMENT_3D('',#3022,#2427,#2428);
#2028=AXIS2_PLACEMENT_3D('',#3023,#2429,#2430);
#2029=AXIS2_PLACEMENT_3D('',#3025,#2431,#2432);
#2030=AXIS2_PLACEMENT_3D('',#3028,#2434,#2435);
#2031=AXIS2_PLACEMENT_3D('',#3031,#2437,#2438);
#2032=AXIS2_PLACEMENT_3D('',#3033,#2439,#2440);
#2033=AXIS2_PLACEMENT_3D('',#3034,#2441,#2442);
#2034=AXIS2_PLACEMENT_3D('',#3035,#2443,#2444);
#2035=AXIS2_PLACEMENT_3D('',#3036,#2445,#2446);
#2036=AXIS2_PLACEMENT_3D('',#3039,#2448,#2449);
#2037=AXIS2_PLACEMENT_3D('',#3042,#2451,#2452);
#2038=AXIS2_PLACEMENT_3D('',#3046,#2455,#2456);
#2039=AXIS2_PLACEMENT_3D('',#3050,#2459,#2460);
#2040=AXIS2_PLACEMENT_3D('',#3054,#2463,#2464);
#2041=AXIS2_PLACEMENT_3D('',#3057,#2466,#2467);
#2042=AXIS2_PLACEMENT_3D('',#3058,#2468,#2469);
#2043=AXIS2_PLACEMENT_3D('',#3062,#2472,#2473);
#2044=AXIS2_PLACEMENT_3D('',#3066,#2476,#2477);
#2045=AXIS2_PLACEMENT_3D('',#3070,#2480,#2481);
#2046=AXIS2_PLACEMENT_3D('',#3073,#2483,#2484);
#2047=AXIS2_PLACEMENT_3D('',#3074,#2485,#2486);
#2048=AXIS2_PLACEMENT_3D('',#3078,#2489,#2490);
#2049=AXIS2_PLACEMENT_3D('',#3082,#2493,#2494);
#2050=AXIS2_PLACEMENT_3D('',#3086,#2497,#2498);
#2051=AXIS2_PLACEMENT_3D('',#3089,#2500,#2501);
#2052=AXIS2_PLACEMENT_3D('',#3090,#2502,#2503);
#2053=AXIS2_PLACEMENT_3D('',#3094,#2506,#2507);
#2054=AXIS2_PLACEMENT_3D('',#3098,#2510,#2511);
#2055=AXIS2_PLACEMENT_3D('',#3100,#2513,#2514);
#2056=AXIS2_PLACEMENT_3D('',#3104,#2517,#2518);
#2057=AXIS2_PLACEMENT_3D('',#3107,#2520,#2521);
#2058=AXIS2_PLACEMENT_3D('',#3108,#2522,#2523);
#2059=AXIS2_PLACEMENT_3D('',#3110,#2525,#2526);
#2060=AXIS2_PLACEMENT_3D('',#3114,#2529,#2530);
#2061=AXIS2_PLACEMENT_3D('',#3117,#2532,#2533);
#2062=AXIS2_PLACEMENT_3D('',#3118,#2534,#2535);
#2063=AXIS2_PLACEMENT_3D('',#3120,#2537,#2538);
#2064=AXIS2_PLACEMENT_3D('',#3124,#2541,#2542);
#2065=AXIS2_PLACEMENT_3D('',#3127,#2544,#2545);
#2066=AXIS2_PLACEMENT_3D('',#3128,#2546,#2547);
#2067=AXIS2_PLACEMENT_3D('',#3130,#2549,#2550);
#2068=AXIS2_PLACEMENT_3D('',#3131,#2551,#2552);
#2069=AXIS2_PLACEMENT_3D('',#3134,#2555,#2556);
#2070=AXIS2_PLACEMENT_3D('',#3135,#2557,#2558);
#2071=AXIS2_PLACEMENT_3D('',#3136,#2559,#2560);
#2072=AXIS2_PLACEMENT_3D('',#3137,#2561,#2562);
#2073=AXIS2_PLACEMENT_3D('',#3138,#2563,#2564);
#2074=AXIS2_PLACEMENT_3D('',#3139,#2565,#2566);
#2075=AXIS2_PLACEMENT_3D('',#3140,#2567,#2568);
#2076=AXIS2_PLACEMENT_3D('',#3141,#2569,#2570);
#2077=AXIS2_PLACEMENT_3D('',#3142,#2571,#2572);
#2078=AXIS2_PLACEMENT_3D('',#3143,#2573,#2574);
#2079=AXIS2_PLACEMENT_3D('',#3144,#2575,#2576);
#2080=AXIS2_PLACEMENT_3D('',#3145,#2577,#2578);
#2081=AXIS2_PLACEMENT_3D('',#3146,#2579,#2580);
#2082=AXIS2_PLACEMENT_3D('',#3147,#2581,#2582);
#2083=AXIS2_PLACEMENT_3D('',#3151,#2585,#2586);
#2084=AXIS2_PLACEMENT_3D('',#3152,#2587,#2588);
#2085=AXIS2_PLACEMENT_3D('',#3155,#2590,#2591);
#2086=AXIS2_PLACEMENT_3D('',#3157,#2593,#2594);
#2087=AXIS2_PLACEMENT_3D('',#3158,#2595,#2596);
#2088=AXIS2_PLACEMENT_3D('',#3162,#2599,#2600);
#2089=AXIS2_PLACEMENT_3D('',#3163,#2601,#2602);
#2090=AXIS2_PLACEMENT_3D('',#3166,#2604,#2605);
#2091=AXIS2_PLACEMENT_3D('',#3168,#2607,#2608);
#2092=AXIS2_PLACEMENT_3D('',#3169,#2609,#2610);
#2093=AXIS2_PLACEMENT_3D('',#3173,#2613,#2614);
#2094=AXIS2_PLACEMENT_3D('',#3174,#2615,#2616);
#2095=AXIS2_PLACEMENT_3D('',#3177,#2618,#2619);
#2096=AXIS2_PLACEMENT_3D('',#3179,#2621,#2622);
#2097=DIRECTION('',(0.,0.,1.));
#2098=DIRECTION('',(1.,0.,0.));
#2099=DIRECTION('',(0.,1.,0.));
#2100=DIRECTION('',(0.,0.,1.));
#2101=DIRECTION('',(0.,0.,-1.));
#2102=DIRECTION('',(-1.,0.,0.));
#2103=DIRECTION('',(0.,0.,-1.));
#2104=DIRECTION('',(1.,0.,0.));
#2105=DIRECTION('',(1.,0.,0.));
#2106=DIRECTION('',(0.,0.,-1.));
#2107=DIRECTION('',(0.,0.,-1.));
#2108=DIRECTION('',(0.,1.,0.));
#2109=DIRECTION('',(0.,0.,-1.));
#2110=DIRECTION('',(0.,1.,0.));
#2111=DIRECTION('',(0.,0.,1.));
#2112=DIRECTION('',(1.,0.,0.));
#2113=DIRECTION('',(0.999946625604079,0.010331792826784,0.));
#2114=DIRECTION('',(1.,0.,0.));
#2115=DIRECTION('',(0.99994662560408,-0.0103317928267211,0.));
#2116=DIRECTION('',(0.,0.,1.));
#2117=DIRECTION('',(1.,0.,0.));
#2118=DIRECTION('',(0.0103317928267654,-0.999946625604079,0.));
#2119=DIRECTION('',(0.,-1.,0.));
#2120=DIRECTION('',(-0.0103317928267154,-0.99994662560408,0.));
#2121=DIRECTION('',(0.,0.,1.));
#2122=DIRECTION('',(1.,0.,0.));
#2123=DIRECTION('',(-0.99994662560408,-0.0103317928266641,0.));
#2124=DIRECTION('',(-1.,0.,0.));
#2125=DIRECTION('',(-0.99994662560408,0.0103317928266768,0.));
#2126=DIRECTION('',(0.,0.,1.));
#2127=DIRECTION('',(1.,0.,0.));
#2128=DIRECTION('',(-0.0103317928267669,0.999946625604079,0.));
#2129=DIRECTION('',(0.,1.,0.));
#2130=DIRECTION('',(0.0103317928267973,0.999946625604079,0.));
#2131=DIRECTION('',(0.,0.,1.));
#2132=DIRECTION('',(1.,0.,0.));
#2133=DIRECTION('',(0.0103317928267508,0.99994662560408,0.));
#2134=DIRECTION('',(0.,1.,0.));
#2135=DIRECTION('',(0.0103317928267573,-0.999946625604079,0.));
#2136=DIRECTION('',(0.,0.,1.));
#2137=DIRECTION('',(1.,0.,0.));
#2138=DIRECTION('',(0.99994662560408,-0.0103317928267085,0.));
#2139=DIRECTION('',(-1.,0.,0.));
#2140=DIRECTION('',(0.999946625604079,0.0103317928267579,0.));
#2141=DIRECTION('',(0.,0.,1.));
#2142=DIRECTION('',(1.,0.,0.));
#2143=DIRECTION('',(0.0103317928267701,0.999946625604079,0.));
#2144=DIRECTION('',(0.,-1.,0.));
#2145=DIRECTION('',(0.0103317928267508,-0.99994662560408,0.));
#2146=DIRECTION('',(0.,0.,-1.));
#2147=DIRECTION('',(0.041325103281529,0.99914575305046,0.));
#2148=DIRECTION('',(0.99994662560408,-0.0103317928266908,0.));
#2149=DIRECTION('',(1.,0.,0.));
#2150=DIRECTION('',(0.99994662560408,0.0103317928266908,0.));
#2151=DIRECTION('',(0.,0.,-1.));
#2152=DIRECTION('',(-0.99914575305046,0.041325103281539,0.));
#2153=DIRECTION('',(0.,0.,-1.));
#2154=DIRECTION('',(1.,-3.625766673055E-16,0.));
#2155=DIRECTION('',(0.,0.,-1.));
#2156=DIRECTION('',(-1.,0.,0.));
#2157=DIRECTION('',(-0.0103317928267579,-0.999946625604079,0.));
#2158=DIRECTION('',(0.,-1.,0.));
#2159=DIRECTION('',(-1.,0.,0.));
#2160=DIRECTION('',(0.,0.,-1.));
#2161=DIRECTION('',(-1.,0.,0.));
#2162=DIRECTION('',(0.,-1.,0.));
#2163=DIRECTION('',(-1.,0.,0.));
#2164=DIRECTION('',(-0.99994662560408,-0.010331792826702,0.));
#2165=DIRECTION('',(0.,0.,1.));
#2166=DIRECTION('',(1.,0.,0.));
#2167=DIRECTION('',(0.,0.,-1.));
#2168=DIRECTION('',(1.,-3.625766673055E-16,0.));
#2169=DIRECTION('',(0.,0.,-1.));
#2170=DIRECTION('',(-1.,0.,0.));
#2171=DIRECTION('',(1.,0.,0.));
#2172=DIRECTION('',(0.,-1.,0.));
#2173=DIRECTION('',(0.0103317928267573,-0.999946625604079,0.));
#2174=DIRECTION('',(0.,0.,1.));
#2175=DIRECTION('',(1.,0.,0.));
#2176=DIRECTION('',(0.99994662560408,-0.0103317928267085,0.));
#2177=DIRECTION('',(1.,0.,0.));
#2178=DIRECTION('',(0.,0.,-1.));
#2179=DIRECTION('',(-1.,0.,0.));
#2180=DIRECTION('',(0.,0.,1.));
#2181=DIRECTION('',(1.,0.,0.));
#2182=DIRECTION('',(0.,-1.,0.));
#2183=DIRECTION('',(-1.,0.,0.));
#2184=DIRECTION('',(0.,1.,0.));
#2185=DIRECTION('',(-1.,0.,0.));
#2186=DIRECTION('',(0.,0.,-1.));
#2187=DIRECTION('',(-1.,0.,0.));
#2188=DIRECTION('',(0.,0.,1.));
#2189=DIRECTION('',(1.,0.,0.));
#2190=DIRECTION('',(0.,0.,-1.));
#2191=DIRECTION('',(0.,-1.,0.));
#2192=DIRECTION('',(0.,0.,-1.));
#2193=DIRECTION('',(-1.,0.,0.));
#2194=DIRECTION('',(0.,0.,-1.));
#2195=DIRECTION('',(-1.,0.,0.));
#2196=DIRECTION('',(0.,0.,1.));
#2197=DIRECTION('',(0.,0.,-1.));
#2198=DIRECTION('',(-1.,0.,0.));
#2199=DIRECTION('',(0.,0.,1.));
#2200=DIRECTION('',(0.,1.,0.));
#2201=DIRECTION('',(-1.,0.,0.));
#2202=DIRECTION('',(0.,0.,1.));
#2203=DIRECTION('',(0.,0.,-1.));
#2204=DIRECTION('',(-1.,0.,0.));
#2205=DIRECTION('',(0.,0.,1.));
#2206=DIRECTION('',(-1.,0.,0.));
#2207=DIRECTION('',(0.,0.,1.));
#2208=DIRECTION('',(0.,0.,-1.));
#2209=DIRECTION('',(0.,1.,0.));
#2210=DIRECTION('',(0.,0.,-1.));
#2211=DIRECTION('',(0.,0.,-1.));
#2212=DIRECTION('',(0.,-1.,0.));
#2213=DIRECTION('',(0.,0.,-1.));
#2214=DIRECTION('',(0.,-1.,0.));
#2215=DIRECTION('',(0.,0.,-1.));
#2216=DIRECTION('',(0.,-1.,0.));
#2217=DIRECTION('',(0.,0.,-1.));
#2218=DIRECTION('',(-1.,0.,0.));
#2219=DIRECTION('',(0.,0.,-1.));
#2220=DIRECTION('',(0.,0.,-1.));
#2221=DIRECTION('',(-1.,0.,0.));
#2222=DIRECTION('',(0.,0.,1.));
#2223=DIRECTION('',(1.,0.,0.));
#2224=DIRECTION('',(0.,0.,-1.));
#2225=DIRECTION('',(-1.,0.,0.));
#2226=DIRECTION('',(0.,0.,1.));
#2227=DIRECTION('',(0.,1.,0.));
#2228=DIRECTION('',(0.,0.,-1.));
#2229=DIRECTION('',(0.,1.,0.));
#2230=DIRECTION('',(0.,0.,1.));
#2231=DIRECTION('',(0.,0.,-1.));
#2232=DIRECTION('',(0.,0.,-1.));
#2233=DIRECTION('',(0.,0.,-1.));
#2234=DIRECTION('',(-1.,0.,0.));
#2235=DIRECTION('',(0.,0.,-1.));
#2236=DIRECTION('',(1.,0.,0.));
#2237=DIRECTION('',(0.,0.,-1.));
#2238=DIRECTION('',(0.0103317928266908,0.99994662560408,0.));
#2239=DIRECTION('',(-0.99994662560408,0.0103317928266908,0.));
#2240=DIRECTION('',(0.,0.,-1.));
#2241=DIRECTION('',(0.,0.,-1.));
#2242=DIRECTION('',(0.,0.,-1.));
#2243=DIRECTION('',(-0.99994662560408,0.0103317928266691,0.));
#2244=DIRECTION('',(0.,0.,-1.));
#2245=DIRECTION('',(-1.,0.,0.));
#2246=DIRECTION('',(0.,0.,-1.));
#2247=DIRECTION('',(0.,0.,-1.));
#2248=DIRECTION('',(0.,0.,-1.));
#2249=DIRECTION('',(0.,0.,-1.));
#2250=DIRECTION('',(-1.,0.,0.));
#2251=DIRECTION('',(0.99994662560408,0.0103317928267508,0.));
#2252=DIRECTION('',(-0.0103317928267508,0.99994662560408,0.));
#2253=DIRECTION('',(0.,0.,-1.));
#2254=DIRECTION('',(0.,0.,-1.));
#2255=DIRECTION('',(0.,0.,-1.));
#2256=DIRECTION('',(-0.0103317928267724,0.999946625604079,0.));
#2257=DIRECTION('',(1.,0.,0.));
#2258=DIRECTION('',(0.,0.,-1.));
#2259=DIRECTION('',(0.,0.,-1.));
#2260=DIRECTION('',(0.,1.,0.));
#2261=DIRECTION('',(0.,1.,0.));
#2262=DIRECTION('',(0.,0.,-1.));
#2263=DIRECTION('',(0.,1.,0.));
#2264=DIRECTION('',(0.,0.,-1.));
#2265=DIRECTION('',(-1.,0.,0.));
#2266=DIRECTION('',(0.,0.,1.));
#2267=DIRECTION('',(1.,0.,0.));
#2268=DIRECTION('',(0.,0.,-1.));
#2269=DIRECTION('',(0.,0.,-1.));
#2270=DIRECTION('',(-1.,0.,0.));
#2271=DIRECTION('',(1.,0.,0.));
#2272=DIRECTION('',(0.,0.,-1.));
#2273=DIRECTION('',(0.,-1.,0.));
#2274=DIRECTION('',(0.,0.,-1.));
#2275=DIRECTION('',(0.,1.,0.));
#2276=DIRECTION('',(0.,-1.,0.));
#2277=DIRECTION('',(0.,0.,-1.));
#2278=DIRECTION('',(-1.,0.,0.));
#2279=DIRECTION('',(0.,0.,-1.));
#2280=DIRECTION('',(1.,0.,0.));
#2281=DIRECTION('',(0.,0.,1.));
#2282=DIRECTION('',(0.,0.,-1.));
#2283=DIRECTION('',(1.,0.,0.));
#2284=DIRECTION('',(0.,0.,-1.));
#2285=DIRECTION('',(1.,0.,0.));
#2286=DIRECTION('',(1.,0.,0.));
#2287=DIRECTION('',(0.,0.,-1.));
#2288=DIRECTION('',(0.,0.,-1.));
#2289=DIRECTION('',(1.,0.,0.));
#2290=DIRECTION('',(0.0103317928267209,-0.99994662560408,0.));
#2291=DIRECTION('',(0.99994662560408,0.0103317928267209,0.));
#2292=DIRECTION('',(0.,0.,-1.));
#2293=DIRECTION('',(0.99994662560408,0.0103317928267209,0.));
#2294=DIRECTION('',(0.,0.,-1.));
#2295=DIRECTION('',(0.99994662560408,0.0103317928267209,0.));
#2296=DIRECTION('',(0.,0.,-1.));
#2297=DIRECTION('',(-1.,0.,0.));
#2298=DIRECTION('',(0.,0.,1.));
#2299=DIRECTION('',(1.,0.,0.));
#2300=DIRECTION('',(0.,0.,-1.));
#2301=DIRECTION('',(0.,0.,-1.));
#2302=DIRECTION('',(-1.,0.,0.));
#2303=DIRECTION('',(0.999946625604079,-0.010331792826772,0.));
#2304=DIRECTION('',(0.010331792826772,0.999946625604079,0.));
#2305=DIRECTION('',(0.010331792826772,0.999946625604079,0.));
#2306=DIRECTION('',(0.,0.,-1.));
#2307=DIRECTION('',(0.0103317928266753,0.99994662560408,0.));
#2308=DIRECTION('',(1.,0.,0.));
#2309=DIRECTION('',(0.,0.,-1.));
#2310=DIRECTION('',(0.,1.,0.));
#2311=DIRECTION('',(1.,0.,0.));
#2312=DIRECTION('',(0.,0.,-1.));
#2313=DIRECTION('',(0.,0.,-1.));
#2314=DIRECTION('',(1.,0.,0.));
#2315=DIRECTION('',(0.,0.,-1.));
#2316=DIRECTION('',(1.,0.,0.));
#2317=DIRECTION('',(0.,0.,-1.));
#2318=DIRECTION('',(0.,0.,-1.));
#2319=DIRECTION('',(1.,0.,0.));
#2320=DIRECTION('',(0.,0.,-1.));
#2321=DIRECTION('',(0.,1.,0.));
#2322=DIRECTION('',(0.,0.,-1.));
#2323=DIRECTION('',(0.,1.,0.));
#2324=DIRECTION('',(0.99994662560408,0.0103317928267151,0.));
#2325=DIRECTION('',(-0.0103317928267151,0.99994662560408,0.));
#2326=DIRECTION('',(-0.0103317928267151,0.99994662560408,0.));
#2327=DIRECTION('',(0.,0.,-1.));
#2328=DIRECTION('',(-0.0103317928267151,0.99994662560408,0.));
#2329=DIRECTION('',(0.,0.,-1.));
#2330=DIRECTION('',(-1.,0.,0.));
#2331=DIRECTION('',(0.,0.,1.));
#2332=DIRECTION('',(1.,0.,0.));
#2333=DIRECTION('',(0.,0.,-1.));
#2334=DIRECTION('',(0.,0.,-1.));
#2335=DIRECTION('',(-1.,0.,0.));
#2336=DIRECTION('',(0.0103317928267033,0.99994662560408,0.));
#2337=DIRECTION('',(-0.99994662560408,0.0103317928267033,0.));
#2338=DIRECTION('',(-0.99994662560408,0.0103317928267033,0.));
#2339=DIRECTION('',(0.,0.,-1.));
#2340=DIRECTION('',(-0.99994662560408,0.0103317928267033,0.));
#2341=DIRECTION('',(0.,1.,0.));
#2342=DIRECTION('',(0.,0.,1.));
#2343=DIRECTION('',(1.,0.,0.));
#2344=DIRECTION('',(0.,0.,-1.));
#2345=DIRECTION('',(1.,0.,0.));
#2346=DIRECTION('',(0.,0.,-1.));
#2347=DIRECTION('',(0.,0.,-1.));
#2348=DIRECTION('',(-1.,0.,0.));
#2349=DIRECTION('',(-1.,0.,0.));
#2350=DIRECTION('',(-0.0103317928267372,0.99994662560408,0.));
#2351=DIRECTION('',(-0.99994662560408,-0.0103317928267372,0.));
#2352=DIRECTION('',(-0.99994662560408,-0.0103317928267372,0.));
#2353=DIRECTION('',(0.,0.,-1.));
#2354=DIRECTION('',(-0.99994662560408,-0.0103317928267372,0.));
#2355=DIRECTION('',(0.,0.,-1.));
#2356=DIRECTION('',(-1.,0.,0.));
#2357=DIRECTION('',(0.,0.,1.));
#2358=DIRECTION('',(1.,0.,0.));
#2359=DIRECTION('',(0.,0.,-1.));
#2360=DIRECTION('',(0.,0.,-1.));
#2361=DIRECTION('',(-1.,0.,0.));
#2362=DIRECTION('',(-0.99994662560408,0.0103317928267337,0.));
#2363=DIRECTION('',(-0.0103317928267337,-0.99994662560408,0.));
#2364=DIRECTION('',(-0.0103317928267337,-0.99994662560408,0.));
#2365=DIRECTION('',(0.,0.,-1.));
#2366=DIRECTION('',(-0.0103317928267337,-0.99994662560408,0.));
#2367=DIRECTION('',(-1.,0.,0.));
#2368=DIRECTION('',(0.,0.,1.));
#2369=DIRECTION('',(0.,-1.,0.));
#2370=DIRECTION('',(0.,0.,-1.));
#2371=DIRECTION('',(0.,-1.,0.));
#2372=DIRECTION('',(-0.99994662560408,-0.0103317928267171,0.));
#2373=DIRECTION('',(0.0103317928267171,-0.99994662560408,0.));
#2374=DIRECTION('',(0.0103317928267171,-0.99994662560408,0.));
#2375=DIRECTION('',(0.,0.,-1.));
#2376=DIRECTION('',(0.0103317928267171,-0.99994662560408,0.));
#2377=DIRECTION('',(0.,0.,-1.));
#2378=DIRECTION('',(-1.,0.,0.));
#2379=DIRECTION('',(0.,0.,1.));
#2380=DIRECTION('',(1.,0.,0.));
#2381=DIRECTION('',(0.,0.,-1.));
#2382=DIRECTION('',(0.,0.,-1.));
#2383=DIRECTION('',(-1.,0.,0.));
#2384=DIRECTION('',(-0.0103317928267116,-0.99994662560408,0.));
#2385=DIRECTION('',(0.99994662560408,-0.0103317928267116,0.));
#2386=DIRECTION('',(0.99994662560408,-0.0103317928267116,0.));
#2387=DIRECTION('',(0.,0.,-1.));
#2388=DIRECTION('',(0.99994662560408,-0.0103317928267116,0.));
#2389=DIRECTION('',(0.,0.,-1.));
#2390=DIRECTION('',(-1.,0.,0.));
#2391=DIRECTION('',(0.,0.,1.));
#2392=DIRECTION('',(1.,0.,0.));
#2393=DIRECTION('',(0.,0.,1.));
#2394=DIRECTION('',(1.,0.,0.));
#2395=DIRECTION('',(0.,0.,-1.));
#2396=DIRECTION('',(-1.,0.,0.));
#2397=DIRECTION('',(0.,0.,1.));
#2398=DIRECTION('',(1.,0.,0.));
#2399=DIRECTION('',(0.,0.,1.));
#2400=DIRECTION('',(1.,0.,0.));
#2401=DIRECTION('',(0.,-1.,0.));
#2402=DIRECTION('',(0.,0.,-1.));
#2403=DIRECTION('',(1.,0.,0.));
#2404=DIRECTION('',(1.,0.,0.));
#2405=DIRECTION('',(0.,0.,-1.));
#2406=DIRECTION('',(-1.,0.,0.));
#2407=DIRECTION('',(0.,0.,1.));
#2408=DIRECTION('',(1.,0.,0.));
#2409=DIRECTION('',(0.,0.,1.));
#2410=DIRECTION('',(1.,0.,0.));
#2411=DIRECTION('',(0.,-1.,0.));
#2412=DIRECTION('',(0.,0.,-1.));
#2413=DIRECTION('',(1.,0.,0.));
#2414=DIRECTION('',(-1.,0.,0.));
#2415=DIRECTION('',(0.,-1.,0.));
#2416=DIRECTION('',(0.,0.,-1.));
#2417=DIRECTION('',(1.,0.,0.));
#2418=DIRECTION('',(-1.,0.,0.));
#2419=DIRECTION('',(0.,0.,1.));
#2420=DIRECTION('',(1.,0.,0.));
#2421=DIRECTION('',(0.,0.,1.));
#2422=DIRECTION('',(1.,0.,0.));
#2423=DIRECTION('',(0.,0.,1.));
#2424=DIRECTION('',(1.,0.,0.));
#2425=DIRECTION('',(0.,0.,1.));
#2426=DIRECTION('',(1.,0.,0.));
#2427=DIRECTION('',(0.,0.,1.));
#2428=DIRECTION('',(1.,0.,0.));
#2429=DIRECTION('',(0.,0.,1.));
#2430=DIRECTION('',(1.,0.,0.));
#2431=DIRECTION('',(0.,0.,-1.));
#2432=DIRECTION('',(1.,-3.625766673055E-16,0.));
#2433=DIRECTION('',(0.999946625604079,0.0103317928267579,0.));
#2434=DIRECTION('',(0.,0.,1.));
#2435=DIRECTION('',(1.,0.,0.));
#2436=DIRECTION('',(0.0103317928267701,0.999946625604079,0.));
#2437=DIRECTION('',(0.,0.,-1.));
#2438=DIRECTION('',(-1.,0.,0.));
#2439=DIRECTION('',(0.,0.,-1.));
#2440=DIRECTION('',(-1.,0.,0.));
#2441=DIRECTION('',(0.,0.,-1.));
#2442=DIRECTION('',(-1.,0.,0.));
#2443=DIRECTION('',(0.,0.,-1.));
#2444=DIRECTION('',(-1.,0.,0.));
#2445=DIRECTION('',(0.,0.,1.));
#2446=DIRECTION('',(1.,0.,0.));
#2447=DIRECTION('',(0.,0.,1.));
#2448=DIRECTION('',(0.,0.,1.));
#2449=DIRECTION('',(1.,0.,0.));
#2450=DIRECTION('',(0.,0.,1.));
#2451=DIRECTION('',(0.999946625604079,-0.0103317928267973,0.));
#2452=DIRECTION('',(0.0103317928267973,0.999946625604079,0.));
#2453=DIRECTION('',(0.,0.,1.));
#2454=DIRECTION('',(-0.0103317928267973,-0.999946625604079,0.));
#2455=DIRECTION('',(1.,0.,0.));
#2456=DIRECTION('',(0.,0.,-1.));
#2457=DIRECTION('',(0.,0.,1.));
#2458=DIRECTION('',(0.,-1.,0.));
#2459=DIRECTION('',(0.999946625604079,0.0103317928267669,0.));
#2460=DIRECTION('',(-0.0103317928267669,0.999946625604079,0.));
#2461=DIRECTION('',(0.,0.,1.));
#2462=DIRECTION('',(0.0103317928267669,-0.999946625604079,0.));
#2463=DIRECTION('',(0.,0.,1.));
#2464=DIRECTION('',(1.,0.,0.));
#2465=DIRECTION('',(0.,0.,1.));
#2466=DIRECTION('',(0.,0.,1.));
#2467=DIRECTION('',(1.,0.,0.));
#2468=DIRECTION('',(0.0103317928266768,0.99994662560408,0.));
#2469=DIRECTION('',(-0.99994662560408,0.0103317928266768,0.));
#2470=DIRECTION('',(0.,0.,1.));
#2471=DIRECTION('',(0.99994662560408,-0.0103317928266768,0.));
#2472=DIRECTION('',(0.,1.,0.));
#2473=DIRECTION('',(0.,0.,1.));
#2474=DIRECTION('',(0.,0.,1.));
#2475=DIRECTION('',(1.,0.,0.));
#2476=DIRECTION('',(-0.0103317928266641,0.99994662560408,0.));
#2477=DIRECTION('',(-0.999946625604081,-0.0103317928266641,0.));
#2478=DIRECTION('',(0.,0.,1.));
#2479=DIRECTION('',(0.999946625604081,0.0103317928266641,0.));
#2480=DIRECTION('',(0.,0.,1.));
#2481=DIRECTION('',(1.,0.,0.));
#2482=DIRECTION('',(0.,0.,1.));
#2483=DIRECTION('',(0.,0.,1.));
#2484=DIRECTION('',(1.,0.,0.));
#2485=DIRECTION('',(-0.99994662560408,0.0103317928267154,0.));
#2486=DIRECTION('',(-0.0103317928267154,-0.99994662560408,0.));
#2487=DIRECTION('',(0.,0.,1.));
#2488=DIRECTION('',(0.0103317928267154,0.99994662560408,0.));
#2489=DIRECTION('',(-1.,0.,0.));
#2490=DIRECTION('',(0.,0.,1.));
#2491=DIRECTION('',(0.,0.,1.));
#2492=DIRECTION('',(0.,1.,0.));
#2493=DIRECTION('',(-0.999946625604079,-0.0103317928267654,0.));
#2494=DIRECTION('',(0.0103317928267654,-0.999946625604079,0.));
#2495=DIRECTION('',(0.,0.,1.));
#2496=DIRECTION('',(-0.0103317928267654,0.999946625604079,0.));
#2497=DIRECTION('',(0.,0.,1.));
#2498=DIRECTION('',(1.,0.,0.));
#2499=DIRECTION('',(0.,0.,1.));
#2500=DIRECTION('',(0.,0.,1.));
#2501=DIRECTION('',(1.,0.,0.));
#2502=DIRECTION('',(-0.0103317928267211,-0.99994662560408,0.));
#2503=DIRECTION('',(0.99994662560408,-0.0103317928267211,0.));
#2504=DIRECTION('',(0.,0.,1.));
#2505=DIRECTION('',(-0.99994662560408,0.0103317928267211,0.));
#2506=DIRECTION('',(0.,-1.,0.));
#2507=DIRECTION('',(0.,0.,-1.));
#2508=DIRECTION('',(0.,0.,1.));
#2509=DIRECTION('',(-1.,0.,0.));
#2510=DIRECTION('',(0.010331792826784,-0.999946625604079,0.));
#2511=DIRECTION('',(0.999946625604079,0.010331792826784,0.));
#2512=DIRECTION('',(-0.999946625604079,-0.010331792826784,0.));
#2513=DIRECTION('',(0.999946625604079,-0.0103317928267579,0.));
#2514=DIRECTION('',(0.0103317928267579,0.99994662560408,0.));
#2515=DIRECTION('',(0.,0.,-1.));
#2516=DIRECTION('',(-0.0103317928267579,-0.999946625604079,0.));
#2517=DIRECTION('',(0.,0.,-1.));
#2518=DIRECTION('',(-1.,0.,0.));
#2519=DIRECTION('',(0.,0.,-1.));
#2520=DIRECTION('',(0.,0.,1.));
#2521=DIRECTION('',(1.,0.,0.));
#2522=DIRECTION('',(0.010331792826702,-0.99994662560408,0.));
#2523=DIRECTION('',(0.99994662560408,0.010331792826702,0.));
#2524=DIRECTION('',(-0.99994662560408,-0.010331792826702,0.));
#2525=DIRECTION('',(-0.999946625604079,0.0103317928267701,0.));
#2526=DIRECTION('',(-0.0103317928267701,-0.999946625604079,0.));
#2527=DIRECTION('',(0.,0.,-1.));
#2528=DIRECTION('',(0.0103317928267701,0.999946625604079,0.));
#2529=DIRECTION('',(0.,0.,-1.));
#2530=DIRECTION('',(-1.,0.,0.));
#2531=DIRECTION('',(0.,0.,-1.));
#2532=DIRECTION('',(0.,0.,1.));
#2533=DIRECTION('',(1.,0.,0.));
#2534=DIRECTION('',(-0.0103317928267579,0.999946625604079,0.));
#2535=DIRECTION('',(-0.99994662560408,-0.0103317928267579,0.));
#2536=DIRECTION('',(0.999946625604079,0.0103317928267579,0.));
#2537=DIRECTION('',(0.0103317928267085,0.99994662560408,0.));
#2538=DIRECTION('',(-0.99994662560408,0.0103317928267085,0.));
#2539=DIRECTION('',(0.,0.,-1.));
#2540=DIRECTION('',(0.99994662560408,-0.0103317928267085,0.));
#2541=DIRECTION('',(0.,0.,-1.));
#2542=DIRECTION('',(-1.,0.,0.));
#2543=DIRECTION('',(0.,0.,-1.));
#2544=DIRECTION('',(0.,0.,1.));
#2545=DIRECTION('',(1.,0.,0.));
#2546=DIRECTION('',(0.999946625604079,0.0103317928267573,0.));
#2547=DIRECTION('',(-0.0103317928267573,0.99994662560408,0.));
#2548=DIRECTION('',(0.0103317928267573,-0.999946625604079,0.));
#2549=DIRECTION('',(0.,0.,1.));
#2550=DIRECTION('',(1.,0.,0.));
#2551=DIRECTION('',(0.,0.,1.));
#2552=DIRECTION('',(1.,0.,0.));
#2553=DIRECTION('',(1.,0.,0.));
#2554=DIRECTION('',(1.,0.,0.));
#2555=DIRECTION('',(1.,0.,0.));
#2556=DIRECTION('',(0.,0.,-1.));
#2557=DIRECTION('',(-1.,0.,0.));
#2558=DIRECTION('',(0.,0.,1.));
#2559=DIRECTION('',(-1.,0.,0.));
#2560=DIRECTION('',(0.,0.,1.));
#2561=DIRECTION('',(1.,0.,0.));
#2562=DIRECTION('',(0.,0.,-1.));
#2563=DIRECTION('',(0.,0.,1.));
#2564=DIRECTION('',(1.,0.,0.));
#2565=DIRECTION('',(0.,0.,1.));
#2566=DIRECTION('',(1.,0.,0.));
#2567=DIRECTION('',(-0.707106781186548,0.,0.707106781186548));
#2568=DIRECTION('',(0.707106781186548,0.,0.707106781186548));
#2569=DIRECTION('',(0.707106781186548,0.,0.707106781186548));
#2570=DIRECTION('',(-0.707106781186548,0.,0.707106781186548));
#2571=DIRECTION('',(1.,0.,0.));
#2572=DIRECTION('',(0.,0.,-1.));
#2573=DIRECTION('',(0.707106781186548,0.,-0.707106781186548));
#2574=DIRECTION('',(0.707106781186548,0.,0.707106781186548));
#2575=DIRECTION('',(-1.,0.,0.));
#2576=DIRECTION('',(0.,0.,1.));
#2577=DIRECTION('',(-0.707106781186548,0.,-0.707106781186548));
#2578=DIRECTION('',(-0.707106781186548,0.,0.707106781186548));
#2579=DIRECTION('',(0.,0.,-1.));
#2580=DIRECTION('',(-1.,0.,0.));
#2581=DIRECTION('',(-0.0103317928267579,0.999946625604079,0.));
#2582=DIRECTION('',(-0.999946625604079,-0.0103317928267579,0.));
#2583=DIRECTION('',(0.999946625604079,0.0103317928267579,0.));
#2584=DIRECTION('',(0.,0.,-1.));
#2585=DIRECTION('',(0.,0.,-1.));
#2586=DIRECTION('',(-1.,0.,0.));
#2587=DIRECTION('',(0.,0.,1.));
#2588=DIRECTION('',(1.,0.,0.));
#2589=DIRECTION('',(0.,0.,-1.));
#2590=DIRECTION('',(-0.999946625604079,0.0103317928267701,0.));
#2591=DIRECTION('',(-0.0103317928267701,-0.999946625604079,0.));
#2592=DIRECTION('',(0.0103317928267701,0.999946625604079,0.));
#2593=DIRECTION('',(0.,0.,1.));
#2594=DIRECTION('',(1.,0.,0.));
#2595=DIRECTION('',(0.999946625604079,0.0103317928267573,0.));
#2596=DIRECTION('',(-0.0103317928267573,0.999946625604079,0.));
#2597=DIRECTION('',(0.0103317928267573,-0.999946625604079,0.));
#2598=DIRECTION('',(0.,0.,-1.));
#2599=DIRECTION('',(0.,0.,-1.));
#2600=DIRECTION('',(-1.,0.,0.));
#2601=DIRECTION('',(0.,0.,1.));
#2602=DIRECTION('',(1.,0.,0.));
#2603=DIRECTION('',(0.,0.,-1.));
#2604=DIRECTION('',(0.0103317928267085,0.99994662560408,0.));
#2605=DIRECTION('',(-0.99994662560408,0.0103317928267085,0.));
#2606=DIRECTION('',(0.99994662560408,-0.0103317928267085,0.));
#2607=DIRECTION('',(0.,0.,1.));
#2608=DIRECTION('',(1.,0.,0.));
#2609=DIRECTION('',(-0.0103317928266908,0.99994662560408,0.));
#2610=DIRECTION('',(-0.99994662560408,-0.0103317928266908,0.));
#2611=DIRECTION('',(0.99994662560408,0.0103317928266908,0.));
#2612=DIRECTION('',(0.,0.,-1.));
#2613=DIRECTION('',(0.,0.,-1.));
#2614=DIRECTION('',(-1.,0.,0.));
#2615=DIRECTION('',(0.,0.,-1.));
#2616=DIRECTION('',(-0.99914575305046,0.041325103281539,0.));
#2617=DIRECTION('',(0.,0.,-1.));
#2618=DIRECTION('',(-0.999946625604079,0.0103317928267508,0.));
#2619=DIRECTION('',(-0.0103317928267508,-0.99994662560408,0.));
#2620=DIRECTION('',(0.0103317928267508,0.99994662560408,0.));
#2621=DIRECTION('',(0.,0.,1.));
#2622=DIRECTION('',(1.,0.,0.));
#2623=CARTESIAN_POINT('',(0.,0.,0.));
#2624=CARTESIAN_POINT('',(0.181,-0.1195999993688,0.00166));
#2625=CARTESIAN_POINT('',(0.184,-0.1195999993688,0.00166));
#2626=CARTESIAN_POINT('',(0.184,-0.1195999993688,0.011245));
#2627=CARTESIAN_POINT('',(0.184,-0.1195999993688,0.00181));
#2628=CARTESIAN_POINT('',(0.18099999968442,-0.1195999993688,0.00181));
#2629=CARTESIAN_POINT('',(0.17799999936884,-0.1195999993688,0.00181));
#2630=CARTESIAN_POINT('',(0.17799999936884,-0.1195999993688,0.00166));
#2631=CARTESIAN_POINT('',(0.17799999936884,-0.1195999993688,0.011245));
#2632=CARTESIAN_POINT('',(0.18099999968442,-0.1195999993688,0.011245));
#2633=CARTESIAN_POINT('',(0.14440000063115,-0.1269999996844,0.00166));
#2634=CARTESIAN_POINT('',(0.14440000063115,-0.13,0.00166));
#2635=CARTESIAN_POINT('',(0.14440000063115,-0.13,0.011245));
#2636=CARTESIAN_POINT('',(0.14440000063115,-0.13,0.00181));
#2637=CARTESIAN_POINT('',(0.14440000063115,-0.1269999996844,0.00181));
#2638=CARTESIAN_POINT('',(0.14440000063115,-0.1239999993688,0.00181));
#2639=CARTESIAN_POINT('',(0.14440000063115,-0.1239999993688,0.00166));
#2640=CARTESIAN_POINT('',(0.14440000063115,-0.1239999993688,0.011245));
#2641=CARTESIAN_POINT('',(0.14440000063115,-0.1269999996844,0.011245));
#2642=CARTESIAN_POINT('',(0.159,-0.105,0.00156));
#2643=CARTESIAN_POINT('',(0.178125574831219,-0.130098707855332,0.00156));
#2644=CARTESIAN_POINT('',(0.178000516603427,-0.1301,0.00156));
#2645=CARTESIAN_POINT('',(0.178250633059012,-0.130097415710663,0.00156));
#2646=CARTESIAN_POINT('',(0.159,-0.1301,0.00156));
#2647=CARTESIAN_POINT('',(0.139999483396573,-0.1301,0.00156));
#2648=CARTESIAN_POINT('',(0.139874425168774,-0.130098707855332,0.00156));
#2649=CARTESIAN_POINT('',(0.139749366940976,-0.130097415710663,0.00156));
#2650=CARTESIAN_POINT('',(0.14000000063115,-0.1239999993688,0.00156));
#2651=CARTESIAN_POINT('',(0.133902584289353,-0.124250633060581,0.00156));
#2652=CARTESIAN_POINT('',(0.133901292144676,-0.124125574832005,0.00156));
#2653=CARTESIAN_POINT('',(0.1339,-0.12400051660343,0.00156));
#2654=CARTESIAN_POINT('',(0.1339,-0.105000000000001,0.00156));
#2655=CARTESIAN_POINT('',(0.1339,-0.0859994833965729,0.00156));
#2656=CARTESIAN_POINT('',(0.133901292144677,-0.0858744251679616,0.00156));
#2657=CARTESIAN_POINT('',(0.133902584289353,-0.0857493669393504,0.00156));
#2658=CARTESIAN_POINT('',(0.14000000063115,-0.08600000063115,0.00156));
#2659=CARTESIAN_POINT('',(0.139749366939351,-0.0799025842893534,0.00156));
#2660=CARTESIAN_POINT('',(0.139874425167961,-0.0799012921446767,0.00156));
#2661=CARTESIAN_POINT('',(0.139999483396572,-0.0799,0.00156));
#2662=CARTESIAN_POINT('',(0.159,-0.0799,0.00156));
#2663=CARTESIAN_POINT('',(0.178000516603428,-0.0799,0.00156));
#2664=CARTESIAN_POINT('',(0.178125574832032,-0.0799012921446767,0.00156));
#2665=CARTESIAN_POINT('',(0.178250633060636,-0.0799025842893534,0.00156));
#2666=CARTESIAN_POINT('',(0.17799999936884,-0.08600000063115,0.00156));
#2667=CARTESIAN_POINT('',(0.18409741571065,-0.0857493669396768,0.00156));
#2668=CARTESIAN_POINT('',(0.184098707855325,-0.0858744251681236,0.00156));
#2669=CARTESIAN_POINT('',(0.1841,-0.0859994833965704,0.00156));
#2670=CARTESIAN_POINT('',(0.1841,-0.104999999999999,0.00156));
#2671=CARTESIAN_POINT('',(0.1841,-0.124000516603427,0.00156));
#2672=CARTESIAN_POINT('',(0.184098707855326,-0.124125574831843,0.00156));
#2673=CARTESIAN_POINT('',(0.18409741571065,-0.124250633060258,0.00156));
#2674=CARTESIAN_POINT('',(0.17799999936884,-0.1239999993688,0.00156));
#2675=CARTESIAN_POINT('',(0.134,-0.086,0.00156));
#2676=CARTESIAN_POINT('',(0.134,-0.086,0.00156));
#2677=CARTESIAN_POINT('',(0.134002563000001,-0.0857519439999184,0.00156));
#2678=CARTESIAN_POINT('',(0.134,-0.124,0.00156));
#2679=CARTESIAN_POINT('',(0.134,-0.124,0.00156));
#2680=CARTESIAN_POINT('',(0.1340012815,-0.124124028,0.00156));
#2681=CARTESIAN_POINT('',(0.134002563,-0.124248056,0.00156));
#2682=CARTESIAN_POINT('',(0.14000000063115,-0.1239999993688,0.00156));
#2683=CARTESIAN_POINT('',(0.139751944000001,-0.129997437,0.00156));
#2684=CARTESIAN_POINT('',(0.139875972000001,-0.1299987185,0.00156));
#2685=CARTESIAN_POINT('',(0.14,-0.13,0.00156));
#2686=CARTESIAN_POINT('',(0.178,-0.13,0.00156));
#2687=CARTESIAN_POINT('',(0.178,-0.13,0.00156));
#2688=CARTESIAN_POINT('',(0.178124028,-0.1299987185,0.00156));
#2689=CARTESIAN_POINT('',(0.178248056,-0.129997437,0.00156));
#2690=CARTESIAN_POINT('',(0.17799999936884,-0.1239999993688,0.00156));
#2691=CARTESIAN_POINT('',(0.18399743699999,-0.124248056,0.00156));
#2692=CARTESIAN_POINT('',(0.1839987185,-0.124124028,0.00156));
#2693=CARTESIAN_POINT('',(0.184,-0.124,0.00156));
#2694=CARTESIAN_POINT('',(0.184,-0.086,0.00156));
#2695=CARTESIAN_POINT('',(0.184,-0.086,0.00156));
#2696=CARTESIAN_POINT('',(0.183997437,-0.085751944,0.00156));
#2697=CARTESIAN_POINT('',(0.183997437000003,-0.0857519440002421,0.00156));
#2698=CARTESIAN_POINT('',(0.17799999936884,-0.08600000063115,0.00156));
#2699=CARTESIAN_POINT('',(0.178248056000068,-0.0800025630000007,0.00156));
#2700=CARTESIAN_POINT('',(0.178,-0.08,0.00156));
#2701=CARTESIAN_POINT('',(0.178,-0.08,0.00156));
#2702=CARTESIAN_POINT('',(0.14,-0.08,0.00156));
#2703=CARTESIAN_POINT('',(0.14,-0.08,0.00156));
#2704=CARTESIAN_POINT('',(0.139751944,-0.080002563,0.00156));
#2705=CARTESIAN_POINT('',(0.139751943999919,-0.0800025630000008,0.00156));
#2706=CARTESIAN_POINT('',(0.14000000063115,-0.08600000063115,0.00156));
#2707=CARTESIAN_POINT('',(0.135512493,-0.0922,0.011245));
#2708=CARTESIAN_POINT('',(0.14000000063115,-0.08600000063115,0.011245));
#2709=CARTESIAN_POINT('',(0.13835000063115,-0.08600000063115,0.011245));
#2710=CARTESIAN_POINT('',(0.1340012815,-0.085875972,0.011245));
#2711=CARTESIAN_POINT('',(0.134002563,-0.085751944,0.011245));
#2712=CARTESIAN_POINT('',(0.134,-0.086,0.011245));
#2713=CARTESIAN_POINT('',(0.134,-0.088200000315575,0.011245));
#2714=CARTESIAN_POINT('',(0.134,-0.09040000063115,0.011245));
#2715=CARTESIAN_POINT('',(0.137000000315575,-0.09040000063115,0.011245));
#2716=CARTESIAN_POINT('',(0.14000000063115,-0.09040000063115,0.011245));
#2717=CARTESIAN_POINT('',(0.14000000063115,-0.08600000063115,0.011245));
#2718=CARTESIAN_POINT('',(0.14440000063115,-0.08600000063115,0.011245));
#2719=CARTESIAN_POINT('',(0.14440000063115,-0.083000000315575,0.011245));
#2720=CARTESIAN_POINT('',(0.14440000063115,-0.08,0.011245));
#2721=CARTESIAN_POINT('',(0.142200000315575,-0.08,0.011245));
#2722=CARTESIAN_POINT('',(0.14,-0.08,0.011245));
#2723=CARTESIAN_POINT('',(0.139875972,-0.0800012815,0.011245));
#2724=CARTESIAN_POINT('',(0.139751944,-0.0800025629999975,0.011245));
#2725=CARTESIAN_POINT('',(0.14000000063115,-0.08600000063115,0.011245));
#2726=CARTESIAN_POINT('',(0.135512493,-0.0922,0.011245));
#2727=CARTESIAN_POINT('',(0.14000000063115,-0.1239999993688,0.011245));
#2728=CARTESIAN_POINT('',(0.13835000063115,-0.1239999993688,0.011245));
#2729=CARTESIAN_POINT('',(0.137,-0.1195999993688,0.011245));
#2730=CARTESIAN_POINT('',(0.134,-0.1195999993688,0.011245));
#2731=CARTESIAN_POINT('',(0.14000000063115,-0.1195999993688,0.011245));
#2732=CARTESIAN_POINT('',(0.134,-0.1217999996844,0.011245));
#2733=CARTESIAN_POINT('',(0.134,-0.124,0.011245));
#2734=CARTESIAN_POINT('',(0.1340012815,-0.124124028,0.011245));
#2735=CARTESIAN_POINT('',(0.134002563,-0.124248056,0.011245));
#2736=CARTESIAN_POINT('',(0.14000000063115,-0.1239999993688,0.011245));
#2737=CARTESIAN_POINT('',(0.139751944000001,-0.129997437,0.011245));
#2738=CARTESIAN_POINT('',(0.139875972000001,-0.1299987185,0.011245));
#2739=CARTESIAN_POINT('',(0.14,-0.13,0.011245));
#2740=CARTESIAN_POINT('',(0.17579999968442,-0.13,0.011245));
#2741=CARTESIAN_POINT('',(0.14000000063115,-0.1239999993688,0.011245));
#2742=CARTESIAN_POINT('',(0.159,-0.105,0.00166));
#2743=CARTESIAN_POINT('',(0.132,-0.105000000000001,0.00166));
#2744=CARTESIAN_POINT('',(0.132,-0.0952,0.00166));
#2745=CARTESIAN_POINT('',(0.132,-0.1083,0.00166));
#2746=CARTESIAN_POINT('',(0.159,-0.1083,0.00166));
#2747=CARTESIAN_POINT('',(0.134,-0.1083,0.00166));
#2748=CARTESIAN_POINT('',(0.134,-0.124,0.00166));
#2749=CARTESIAN_POINT('',(0.134,-0.0952,0.00166));
#2750=CARTESIAN_POINT('',(0.132,-0.0952,0.00166));
#2751=CARTESIAN_POINT('',(0.14000000063115,-0.1239999993688,0.00166));
#2752=CARTESIAN_POINT('',(0.14000000063115,-0.1239999993688,0.00181));
#2753=CARTESIAN_POINT('',(0.14000000063115,-0.1195999993688,0.00181));
#2754=CARTESIAN_POINT('',(0.14000000063115,-0.1195999993688,0.00166));
#2755=CARTESIAN_POINT('',(0.137,-0.1195999993688,0.00166));
#2756=CARTESIAN_POINT('',(0.137000000315575,-0.1195999993688,0.00181));
#2757=CARTESIAN_POINT('',(0.134,-0.1195999993688,0.00181));
#2758=CARTESIAN_POINT('',(0.134,-0.1195999993688,0.00166));
#2759=CARTESIAN_POINT('',(0.134,-0.124,0.00166));
#2760=CARTESIAN_POINT('',(0.134,-0.1113,0.00566));
#2761=CARTESIAN_POINT('',(0.134,-0.1113,0.008245));
#2762=CARTESIAN_POINT('',(0.134,-0.1113,0.00466));
#2763=CARTESIAN_POINT('',(0.134,-0.1083,0.008245));
#2764=CARTESIAN_POINT('',(0.134,-0.1083,0.011245));
#2765=CARTESIAN_POINT('',(0.134,-0.111302,0.011245));
#2766=CARTESIAN_POINT('',(0.134,-0.0952,0.011245));
#2767=CARTESIAN_POINT('',(0.134,-0.0952,0.008245));
#2768=CARTESIAN_POINT('',(0.134,-0.0922,0.008245));
#2769=CARTESIAN_POINT('',(0.134,-0.0922,0.00566));
#2770=CARTESIAN_POINT('',(0.134,-0.0922,0.00466));
#2771=CARTESIAN_POINT('',(0.134,-0.0952,0.00466));
#2772=CARTESIAN_POINT('',(0.134,-0.1083,0.00466));
#2773=CARTESIAN_POINT('',(0.134,-0.086,0.00181));
#2774=CARTESIAN_POINT('',(0.134,-0.086,0.00181));
#2775=CARTESIAN_POINT('',(0.134,-0.124,0.00181));
#2776=CARTESIAN_POINT('',(0.134,-0.09040000063115,0.00181));
#2777=CARTESIAN_POINT('',(0.134,-0.09040000063115,0.00166));
#2778=CARTESIAN_POINT('',(0.134,-0.086,0.01442));
#2779=CARTESIAN_POINT('',(0.134,-0.086,0.01442));
#2780=CARTESIAN_POINT('',(0.134,-0.088200000315575,0.01442));
#2781=CARTESIAN_POINT('',(0.134,-0.124,0.01442));
#2782=CARTESIAN_POINT('',(0.134,-0.124,0.01442));
#2783=CARTESIAN_POINT('',(0.134,-0.1217999996844,0.00181));
#2784=CARTESIAN_POINT('',(0.134,-0.124,0.00181));
#2785=CARTESIAN_POINT('',(0.134,-0.124,0.00181));
#2786=CARTESIAN_POINT('',(0.137000000315575,-0.09040000063115,0.00166));
#2787=CARTESIAN_POINT('',(0.137000000315575,-0.09040000063115,0.00181));
#2788=CARTESIAN_POINT('',(0.14000000063115,-0.09040000063115,0.00181));
#2789=CARTESIAN_POINT('',(0.14000000063115,-0.09040000063115,0.00166));
#2790=CARTESIAN_POINT('',(0.14000000063115,-0.08600000063115,0.00166));
#2791=CARTESIAN_POINT('',(0.14000000063115,-0.08600000063115,0.00181));
#2792=CARTESIAN_POINT('',(0.14440000063115,-0.08600000063115,0.00181));
#2793=CARTESIAN_POINT('',(0.14440000063115,-0.08600000063115,0.00166));
#2794=CARTESIAN_POINT('',(0.14440000063115,-0.083,0.00166));
#2795=CARTESIAN_POINT('',(0.14440000063115,-0.083,0.00181));
#2796=CARTESIAN_POINT('',(0.14440000063115,-0.08,0.00181));
#2797=CARTESIAN_POINT('',(0.14440000063115,-0.08,0.00166));
#2798=CARTESIAN_POINT('',(0.14,-0.08,0.00166));
#2799=CARTESIAN_POINT('',(0.178,-0.08,0.00166));
#2800=CARTESIAN_POINT('',(0.178,-0.08,0.00166));
#2801=CARTESIAN_POINT('',(0.178,-0.08,0.00566));
#2802=CARTESIAN_POINT('',(0.178,-0.08,0.00566));
#2803=CARTESIAN_POINT('',(0.178,-0.08,0.011247));
#2804=CARTESIAN_POINT('',(0.178,-0.08,0.01442));
#2805=CARTESIAN_POINT('',(0.142200000315575,-0.08,0.01442));
#2806=CARTESIAN_POINT('',(0.14,-0.08,0.01442));
#2807=CARTESIAN_POINT('',(0.14,-0.08,0.01442));
#2808=CARTESIAN_POINT('',(0.14,-0.08,0.00181));
#2809=CARTESIAN_POINT('',(0.14,-0.08,0.00181));
#2810=CARTESIAN_POINT('',(0.14,-0.08,0.00181));
#2811=CARTESIAN_POINT('',(0.178,-0.08,0.00166));
#2812=CARTESIAN_POINT('',(0.178248056000068,-0.0800025630000007,0.00166));
#2813=CARTESIAN_POINT('',(0.178248056000068,-0.0800025630000007,0.00166));
#2814=CARTESIAN_POINT('',(0.178248056000068,-0.0800025630000007,0.00566));
#2815=CARTESIAN_POINT('',(0.178248056000068,-0.0800025630000007,0.00566));
#2816=CARTESIAN_POINT('',(0.178248056000068,-0.0800025630000007,0.011247));
#2817=CARTESIAN_POINT('',(0.178248056000068,-0.0800025630000007,0.01442));
#2818=CARTESIAN_POINT('',(0.178124028000034,-0.0800012815000004,0.01442));
#2819=CARTESIAN_POINT('',(0.17799999936884,-0.08600000063115,0.00166));
#2820=CARTESIAN_POINT('',(0.183997437000003,-0.0857519440002421,0.00166));
#2821=CARTESIAN_POINT('',(0.183997437000003,-0.0857519440002421,0.00166));
#2822=CARTESIAN_POINT('',(0.183997437000003,-0.0857519440002421,0.00566));
#2823=CARTESIAN_POINT('',(0.183997437000003,-0.0857519440002421,0.00566));
#2824=CARTESIAN_POINT('',(0.183997437000003,-0.0857519440002421,0.011247));
#2825=CARTESIAN_POINT('',(0.183997437000003,-0.0857519440002421,0.01442));
#2826=CARTESIAN_POINT('',(0.17799999936884,-0.0860000006311501,0.01442));
#2827=CARTESIAN_POINT('',(0.183997437,-0.085751944,0.00166));
#2828=CARTESIAN_POINT('',(0.184,-0.086,0.00166));
#2829=CARTESIAN_POINT('',(0.184,-0.086,0.00166));
#2830=CARTESIAN_POINT('',(0.184,-0.086,0.00566));
#2831=CARTESIAN_POINT('',(0.184,-0.086,0.00566));
#2832=CARTESIAN_POINT('',(0.184,-0.086,0.011247));
#2833=CARTESIAN_POINT('',(0.184,-0.086,0.01442));
#2834=CARTESIAN_POINT('',(0.183998718500001,-0.0858759720001211,0.01442));
#2835=CARTESIAN_POINT('',(0.184,-0.086,0.00166));
#2836=CARTESIAN_POINT('',(0.184,-0.124,0.00181));
#2837=CARTESIAN_POINT('',(0.184,-0.124,0.00181));
#2838=CARTESIAN_POINT('',(0.184,-0.1217999996844,0.00181));
#2839=CARTESIAN_POINT('',(0.184,-0.1027999996844,0.011245));
#2840=CARTESIAN_POINT('',(0.184,-0.124,0.011245));
#2841=CARTESIAN_POINT('',(0.184,-0.124,0.01442));
#2842=CARTESIAN_POINT('',(0.184,-0.124,0.01442));
#2843=CARTESIAN_POINT('',(0.184,-0.1027999996844,0.01442));
#2844=CARTESIAN_POINT('',(0.17799999936884,-0.1239999993688,0.00166));
#2845=CARTESIAN_POINT('',(0.17799999936884,-0.1239999993688,0.00181));
#2846=CARTESIAN_POINT('',(0.17359999936884,-0.1239999993688,0.00181));
#2847=CARTESIAN_POINT('',(0.17359999936884,-0.1239999993688,0.00166));
#2848=CARTESIAN_POINT('',(0.17359999936884,-0.1239999993688,0.011245));
#2849=CARTESIAN_POINT('',(0.17799999936884,-0.1239999993688,0.011245));
#2850=CARTESIAN_POINT('',(0.17359999936884,-0.127,0.00166));
#2851=CARTESIAN_POINT('',(0.17359999936884,-0.1269999996844,0.00181));
#2852=CARTESIAN_POINT('',(0.17359999936884,-0.13,0.00181));
#2853=CARTESIAN_POINT('',(0.17359999936884,-0.13,0.00166));
#2854=CARTESIAN_POINT('',(0.17359999936884,-0.13,0.011245));
#2855=CARTESIAN_POINT('',(0.17359999936884,-0.1269999996844,0.011245));
#2856=CARTESIAN_POINT('',(0.178,-0.13,0.00166));
#2857=CARTESIAN_POINT('',(0.16668,-0.13,0.00160948974278318));
#2858=CARTESIAN_POINT('',(0.162159489742783,-0.13,0.00160948974278317));
#2859=CARTESIAN_POINT('',(0.171200510257217,-0.13,0.00160948974278318));
#2860=CARTESIAN_POINT('',(0.171200510257217,-0.13,0.00341));
#2861=CARTESIAN_POINT('',(0.171200510257217,-0.13,0.00521051025721682));
#2862=CARTESIAN_POINT('',(0.16668,-0.13,0.00521051025721682));
#2863=CARTESIAN_POINT('',(0.162159489742783,-0.13,0.00521051025721683));
#2864=CARTESIAN_POINT('',(0.162159489742783,-0.13,0.00341));
#2865=CARTESIAN_POINT('',(0.14,-0.13,0.01442));
#2866=CARTESIAN_POINT('',(0.14,-0.13,0.01442));
#2867=CARTESIAN_POINT('',(0.17579999968442,-0.13,0.01442));
#2868=CARTESIAN_POINT('',(0.178,-0.13,0.01442));
#2869=CARTESIAN_POINT('',(0.178,-0.13,0.01442));
#2870=CARTESIAN_POINT('',(0.178,-0.13,0.011245));
#2871=CARTESIAN_POINT('',(0.17579999968442,-0.13,0.011245));
#2872=CARTESIAN_POINT('',(0.17579999968442,-0.13,0.00181));
#2873=CARTESIAN_POINT('',(0.178,-0.13,0.00181));
#2874=CARTESIAN_POINT('',(0.178,-0.13,0.00181));
#2875=CARTESIAN_POINT('',(0.14,-0.13,0.00181));
#2876=CARTESIAN_POINT('',(0.14,-0.13,0.00181));
#2877=CARTESIAN_POINT('',(0.142200000315575,-0.13,0.00181));
#2878=CARTESIAN_POINT('',(0.139846084184535,-0.0780014835567102,0.00166));
#2879=CARTESIAN_POINT('',(0.13998966793144,-0.078,0.00166));
#2880=CARTESIAN_POINT('',(0.13998966793144,-0.078,0.01442));
#2881=CARTESIAN_POINT('',(0.13998966793144,-0.078,-0.003175));
#2882=CARTESIAN_POINT('',(0.139846084184535,-0.0780014835567102,-0.003175));
#2883=CARTESIAN_POINT('',(0.13970250043763,-0.0780029671134205,-0.003175));
#2884=CARTESIAN_POINT('',(0.13970250043763,-0.0780029671134205,0.00166));
#2885=CARTESIAN_POINT('',(0.13970250043763,-0.0780029671134205,0.01442));
#2886=CARTESIAN_POINT('',(0.139846084184535,-0.0780014835567102,0.01442));
#2887=CARTESIAN_POINT('',(0.14000000063115,-0.08600000063115,0.00166));
#2888=CARTESIAN_POINT('',(0.14000000063115,-0.08600000063115,-0.003175));
#2889=CARTESIAN_POINT('',(0.13200296711342,-0.0857025004376285,-0.003175));
#2890=CARTESIAN_POINT('',(0.13200296711342,-0.0857025004376285,0.00166));
#2891=CARTESIAN_POINT('',(0.132002967113421,-0.0857025004376285,0.01442));
#2892=CARTESIAN_POINT('',(0.14000000063115,-0.08600000063115,0.01442));
#2893=CARTESIAN_POINT('',(0.13200148355671,-0.0858460841845349,0.00166));
#2894=CARTESIAN_POINT('',(0.13200148355671,-0.0858460841845349,-0.003175));
#2895=CARTESIAN_POINT('',(0.132,-0.0859896679314413,-0.003175));
#2896=CARTESIAN_POINT('',(0.132,-0.0859896679314413,0.00166));
#2897=CARTESIAN_POINT('',(0.132,-0.0859896679314413,0.01442));
#2898=CARTESIAN_POINT('',(0.13200148355671,-0.0858460841845349,0.01442));
#2899=CARTESIAN_POINT('',(0.132,-0.105000000000001,0.00166));
#2900=CARTESIAN_POINT('',(0.132,-0.111302,0.011245));
#2901=CARTESIAN_POINT('',(0.132,-0.1083,0.011245));
#2902=CARTESIAN_POINT('',(0.132,-0.0952,0.011245));
#2903=CARTESIAN_POINT('',(0.132,-0.1083,0.008245));
#2904=CARTESIAN_POINT('',(0.132,-0.1113,0.008245));
#2905=CARTESIAN_POINT('',(0.132,-0.1113,0.00566));
#2906=CARTESIAN_POINT('',(0.132,-0.1113,0.00466));
#2907=CARTESIAN_POINT('',(0.132,-0.1083,0.00466));
#2908=CARTESIAN_POINT('',(0.132,-0.0952,0.00466));
#2909=CARTESIAN_POINT('',(0.132,-0.0922,0.00466));
#2910=CARTESIAN_POINT('',(0.132,-0.0922,0.00566));
#2911=CARTESIAN_POINT('',(0.132,-0.0922,0.008245));
#2912=CARTESIAN_POINT('',(0.132,-0.0952,0.008245));
#2913=CARTESIAN_POINT('',(0.132,-0.105000000000001,-0.003175));
#2914=CARTESIAN_POINT('',(0.132,-0.124010332068561,-0.003175));
#2915=CARTESIAN_POINT('',(0.132,-0.124010332068561,0.00166));
#2916=CARTESIAN_POINT('',(0.132,-0.124010332068561,0.01442));
#2917=CARTESIAN_POINT('',(0.132,-0.105000000000001,0.01442));
#2918=CARTESIAN_POINT('',(0.13200148355671,-0.124153915815431,0.00166));
#2919=CARTESIAN_POINT('',(0.13200148355671,-0.124153915815431,-0.003175));
#2920=CARTESIAN_POINT('',(0.13200296711342,-0.1242974995623,-0.003175));
#2921=CARTESIAN_POINT('',(0.13200296711342,-0.1242974995623,0.00166));
#2922=CARTESIAN_POINT('',(0.13200296711342,-0.1242974995623,0.01442));
#2923=CARTESIAN_POINT('',(0.13200148355671,-0.124153915815431,0.01442));
#2924=CARTESIAN_POINT('',(0.14000000063115,-0.1239999993688,0.00166));
#2925=CARTESIAN_POINT('',(0.14000000063115,-0.1239999993688,-0.003175));
#2926=CARTESIAN_POINT('',(0.139702500439491,-0.131997032886599,-0.003175));
#2927=CARTESIAN_POINT('',(0.139702500439491,-0.131997032886599,0.00166));
#2928=CARTESIAN_POINT('',(0.139702500439491,-0.131997032886599,0.01442));
#2929=CARTESIAN_POINT('',(0.14000000063115,-0.1239999993688,0.01442));
#2930=CARTESIAN_POINT('',(0.139846084185466,-0.131998516443299,0.00166));
#2931=CARTESIAN_POINT('',(0.139846084185466,-0.131998516443299,-0.003175));
#2932=CARTESIAN_POINT('',(0.139989667931441,-0.132,-0.003175));
#2933=CARTESIAN_POINT('',(0.139989667931441,-0.132,0.00166));
#2934=CARTESIAN_POINT('',(0.139989667931441,-0.132,0.01442));
#2935=CARTESIAN_POINT('',(0.139846084185466,-0.131998516443299,0.01442));
#2936=CARTESIAN_POINT('',(0.159,-0.132,0.00166));
#2937=CARTESIAN_POINT('',(0.159,-0.132,0.00766));
#2938=CARTESIAN_POINT('',(0.15971,-0.132,0.00766));
#2939=CARTESIAN_POINT('',(0.17365,-0.132,0.00766));
#2940=CARTESIAN_POINT('',(0.17365,-0.132,0.00166));
#2941=CARTESIAN_POINT('',(0.17365,-0.132,-0.00084));
#2942=CARTESIAN_POINT('',(0.16221,-0.132,-0.00084));
#2943=CARTESIAN_POINT('',(0.15971,-0.132,-0.00084));
#2944=CARTESIAN_POINT('',(0.15971,-0.132,0.00516));
#2945=CARTESIAN_POINT('',(0.178010332068558,-0.132,0.00166));
#2946=CARTESIAN_POINT('',(0.178010332068558,-0.132,0.01442));
#2947=CARTESIAN_POINT('',(0.178010332068558,-0.132,-0.003175));
#2948=CARTESIAN_POINT('',(0.17458016603428,-0.132,0.01442));
#2949=CARTESIAN_POINT('',(0.159,-0.132,-0.003175));
#2950=CARTESIAN_POINT('',(0.178153915814528,-0.131998516443299,0.00166));
#2951=CARTESIAN_POINT('',(0.178153915814528,-0.131998516443299,-0.003175));
#2952=CARTESIAN_POINT('',(0.178297499560498,-0.131997032886599,-0.003175));
#2953=CARTESIAN_POINT('',(0.178297499560498,-0.131997032886599,0.00166));
#2954=CARTESIAN_POINT('',(0.178297499560498,-0.131997032886599,0.01442));
#2955=CARTESIAN_POINT('',(0.178153915814528,-0.131998516443299,0.01442));
#2956=CARTESIAN_POINT('',(0.17799999936884,-0.1239999993688,0.00166));
#2957=CARTESIAN_POINT('',(0.17799999936884,-0.1239999993688,-0.003175));
#2958=CARTESIAN_POINT('',(0.185997032886584,-0.124297499561929,-0.003175));
#2959=CARTESIAN_POINT('',(0.185997032886584,-0.124297499561929,0.00166));
#2960=CARTESIAN_POINT('',(0.185997032886584,-0.124297499561929,0.01442));
#2961=CARTESIAN_POINT('',(0.17799999936884,-0.1239999993688,0.01442));
#2962=CARTESIAN_POINT('',(0.185998516443292,-0.124153915815244,0.00166));
#2963=CARTESIAN_POINT('',(0.185998516443292,-0.124153915815244,-0.003175));
#2964=CARTESIAN_POINT('',(0.186,-0.124010332068559,-0.003175));
#2965=CARTESIAN_POINT('',(0.186,-0.124010332068559,0.00166));
#2966=CARTESIAN_POINT('',(0.186,-0.124010332068559,0.01442));
#2967=CARTESIAN_POINT('',(0.185998516443292,-0.124153915815244,0.01442));
#2968=CARTESIAN_POINT('',(0.186,-0.104999999999999,0.00166));
#2969=CARTESIAN_POINT('',(0.186,-0.104999999999999,-0.003175));
#2970=CARTESIAN_POINT('',(0.186,-0.0859896679314388,-0.003175));
#2971=CARTESIAN_POINT('',(0.186,-0.0859896679314388,0.00166));
#2972=CARTESIAN_POINT('',(0.186,-0.0859896679314388,0.01442));
#2973=CARTESIAN_POINT('',(0.186,-0.104999999999999,0.01442));
#2974=CARTESIAN_POINT('',(0.185998516443292,-0.085846084184721,0.00166));
#2975=CARTESIAN_POINT('',(0.185998516443292,-0.085846084184721,-0.003175));
#2976=CARTESIAN_POINT('',(0.185997032886583,-0.0857025004380032,-0.003175));
#2977=CARTESIAN_POINT('',(0.185997032886583,-0.0857025004380032,0.00166));
#2978=CARTESIAN_POINT('',(0.185997032886583,-0.0857025004380032,0.01442));
#2979=CARTESIAN_POINT('',(0.185998516443292,-0.085846084184721,0.01442));
#2980=CARTESIAN_POINT('',(0.17799999936884,-0.08600000063115,0.00166));
#2981=CARTESIAN_POINT('',(0.17799999936884,-0.08600000063115,-0.003175));
#2982=CARTESIAN_POINT('',(0.178297499562357,-0.0780029671134204,-0.003175));
#2983=CARTESIAN_POINT('',(0.178297499562357,-0.0780029671134204,0.00166));
#2984=CARTESIAN_POINT('',(0.178297499562357,-0.0780029671134204,0.01442));
#2985=CARTESIAN_POINT('',(0.17799999936884,-0.08600000063115,0.01442));
#2986=CARTESIAN_POINT('',(0.178153915815459,-0.0780014835567102,0.00166));
#2987=CARTESIAN_POINT('',(0.178153915815459,-0.0780014835567102,-0.003175));
#2988=CARTESIAN_POINT('',(0.178010332068561,-0.078,-0.003175));
#2989=CARTESIAN_POINT('',(0.178010332068561,-0.078,0.00166));
#2990=CARTESIAN_POINT('',(0.178010332068561,-0.078,0.01442));
#2991=CARTESIAN_POINT('',(0.178153915815459,-0.0780014835567102,0.01442));
#2992=CARTESIAN_POINT('',(0.14000000063115,-0.08600000063115,0.00166));
#2993=CARTESIAN_POINT('',(0.14000000063115,-0.08600000063115,0.00181));
#2994=CARTESIAN_POINT('',(0.14240000063115,-0.08600000063115,0.00181));
#2995=CARTESIAN_POINT('',(0.14000000063115,-0.08600000063115,0.00566));
#2996=CARTESIAN_POINT('',(0.14240000063115,-0.08600000063115,0.00566));
#2997=CARTESIAN_POINT('',(0.14000000063115,-0.1239999993688,0.00166));
#2998=CARTESIAN_POINT('',(0.14000000063115,-0.1239999993688,0.00181));
#2999=CARTESIAN_POINT('',(0.14240000063115,-0.1239999993688,0.00181));
#3000=CARTESIAN_POINT('',(0.14000000063115,-0.1239999993688,0.00566));
#3001=CARTESIAN_POINT('',(0.14240000063115,-0.1239999993688,0.00566));
#3002=CARTESIAN_POINT('',(0.159,-0.078,0.00166));
#3003=CARTESIAN_POINT('',(0.159,-0.078,-0.003175));
#3004=CARTESIAN_POINT('',(0.159,-0.078,0.01442));
#3005=CARTESIAN_POINT('',(0.17799999936884,-0.1239999993688,0.00166));
#3006=CARTESIAN_POINT('',(0.17799999936884,-0.1239999993688,0.00181));
#3007=CARTESIAN_POINT('',(0.18039999936884,-0.1239999993688,0.00181));
#3008=CARTESIAN_POINT('',(0.17799999936884,-0.1239999993688,0.00566));
#3009=CARTESIAN_POINT('',(0.18039999936884,-0.1239999993688,0.00566));
#3010=CARTESIAN_POINT('',(0.133,-0.0922,0.00566));
#3011=CARTESIAN_POINT('',(0.133,-0.0922,0.008245));
#3012=CARTESIAN_POINT('',(0.134,-0.0922,0.00466));
#3013=CARTESIAN_POINT('',(0.133,-0.1113,0.00566));
#3014=CARTESIAN_POINT('',(0.134,-0.1113,0.008245));
#3015=CARTESIAN_POINT('',(0.133,-0.1113,0.00466));
#3016=CARTESIAN_POINT('',(0.159,-0.105,0.00566));
#3017=CARTESIAN_POINT('',(0.14000000063115,-0.08600000063115,0.00566));
#3018=CARTESIAN_POINT('',(0.14165000063115,-0.08600000063115,0.00566));
#3019=CARTESIAN_POINT('',(0.159,-0.105,0.00566));
#3020=CARTESIAN_POINT('',(0.14000000063115,-0.1239999993688,0.00566));
#3021=CARTESIAN_POINT('',(0.14165000063115,-0.1239999993688,0.00566));
#3022=CARTESIAN_POINT('',(0.159,-0.105,0.00566));
#3023=CARTESIAN_POINT('',(0.17799999936884,-0.1239999993688,0.00566));
#3024=CARTESIAN_POINT('',(0.17964999936884,-0.1239999993688,0.00566));
#3025=CARTESIAN_POINT('',(0.135512493,-0.0922,0.011245));
#3026=CARTESIAN_POINT('',(0.178124028,-0.1299987185,0.011245));
#3027=CARTESIAN_POINT('',(0.178248055999998,-0.129997436999952,0.011245));
#3028=CARTESIAN_POINT('',(0.17799999936884,-0.1239999993688,0.011245));
#3029=CARTESIAN_POINT('',(0.183997437,-0.124248056,0.011245));
#3030=CARTESIAN_POINT('',(0.1839987185,-0.124124028,0.011245));
#3031=CARTESIAN_POINT('',(0.17799999936884,-0.1239999993688,0.011245));
#3032=CARTESIAN_POINT('',(0.17634999936884,-0.1239999993688,0.011245));
#3033=CARTESIAN_POINT('',(0.17799999936884,-0.1239999993688,0.011247));
#3034=CARTESIAN_POINT('',(0.14000000063115,-0.08600000063115,0.011247));
#3035=CARTESIAN_POINT('',(0.14000000063115,-0.1239999993688,0.011247));
#3036=CARTESIAN_POINT('',(0.17799999936884,-0.1239999993688,-2.00000000000005E-6));
#3037=CARTESIAN_POINT('',(0.18409741571065,-0.124250633060258,-2.00000000000005E-6));
#3038=CARTESIAN_POINT('',(0.18409741571065,-0.124250633060258,-0.003175));
#3039=CARTESIAN_POINT('',(0.17799999936884,-0.1239999993688,-0.003175));
#3040=CARTESIAN_POINT('',(0.178250633059012,-0.130097415710663,-0.003175));
#3041=CARTESIAN_POINT('',(0.178250633059012,-0.130097415710663,-2.00000000000005E-6));
#3042=CARTESIAN_POINT('',(0.184098707855326,-0.124125574831843,-2.00000000000005E-6));
#3043=CARTESIAN_POINT('',(0.1841,-0.124000516603427,-2.00000000000005E-6));
#3044=CARTESIAN_POINT('',(0.1841,-0.124000516603427,-0.003175));
#3045=CARTESIAN_POINT('',(0.184098707855326,-0.124125574831843,-0.003175));
#3046=CARTESIAN_POINT('',(0.1841,-0.104999999999999,-2.00000000000005E-6));
#3047=CARTESIAN_POINT('',(0.1841,-0.0859994833965704,-2.00000000000005E-6));
#3048=CARTESIAN_POINT('',(0.1841,-0.0859994833965704,-0.003175));
#3049=CARTESIAN_POINT('',(0.1841,-0.104999999999999,-0.003175));
#3050=CARTESIAN_POINT('',(0.184098707855325,-0.0858744251681236,-2.00000000000005E-6));
#3051=CARTESIAN_POINT('',(0.18409741571065,-0.0857493669396768,-2.00000000000005E-6));
#3052=CARTESIAN_POINT('',(0.18409741571065,-0.0857493669396768,-0.003175));
#3053=CARTESIAN_POINT('',(0.184098707855325,-0.0858744251681236,-0.003175));
#3054=CARTESIAN_POINT('',(0.17799999936884,-0.08600000063115,-2.00000000000005E-6));
#3055=CARTESIAN_POINT('',(0.178250633060636,-0.0799025842893533,-2.00000000000005E-6));
#3056=CARTESIAN_POINT('',(0.178250633060636,-0.0799025842893533,-0.003175));
#3057=CARTESIAN_POINT('',(0.17799999936884,-0.08600000063115,-0.003175));
#3058=CARTESIAN_POINT('',(0.178125574832032,-0.0799012921446767,-2.00000000000005E-6));
#3059=CARTESIAN_POINT('',(0.178000516603428,-0.0799,-2.00000000000005E-6));
#3060=CARTESIAN_POINT('',(0.178000516603428,-0.0799,-0.003175));
#3061=CARTESIAN_POINT('',(0.178125574832032,-0.0799012921446767,-0.003175));
#3062=CARTESIAN_POINT('',(0.159,-0.0799,-2.00000000000005E-6));
#3063=CARTESIAN_POINT('',(0.139999483396572,-0.0799,-2.00000000000005E-6));
#3064=CARTESIAN_POINT('',(0.139999483396572,-0.0799,-0.003175));
#3065=CARTESIAN_POINT('',(0.159,-0.0799,-0.003175));
#3066=CARTESIAN_POINT('',(0.139874425167961,-0.0799012921446767,-2.00000000000005E-6));
#3067=CARTESIAN_POINT('',(0.139749366939351,-0.0799025842893535,-2.00000000000005E-6));
#3068=CARTESIAN_POINT('',(0.139749366939351,-0.0799025842893535,-0.003175));
#3069=CARTESIAN_POINT('',(0.139874425167961,-0.0799012921446767,-0.003175));
#3070=CARTESIAN_POINT('',(0.14000000063115,-0.08600000063115,-2.00000000000005E-6));
#3071=CARTESIAN_POINT('',(0.133902584289353,-0.0857493669393504,-2.00000000000005E-6));
#3072=CARTESIAN_POINT('',(0.133902584289353,-0.0857493669393504,-0.003175));
#3073=CARTESIAN_POINT('',(0.14000000063115,-0.08600000063115,-0.003175));
#3074=CARTESIAN_POINT('',(0.133901292144677,-0.0858744251679616,-2.00000000000005E-6));
#3075=CARTESIAN_POINT('',(0.1339,-0.0859994833965729,-2.00000000000005E-6));
#3076=CARTESIAN_POINT('',(0.1339,-0.0859994833965729,-0.003175));
#3077=CARTESIAN_POINT('',(0.133901292144677,-0.0858744251679616,-0.003175));
#3078=CARTESIAN_POINT('',(0.1339,-0.105000000000001,-2.00000000000005E-6));
#3079=CARTESIAN_POINT('',(0.1339,-0.12400051660343,-2.00000000000005E-6));
#3080=CARTESIAN_POINT('',(0.1339,-0.12400051660343,-0.003175));
#3081=CARTESIAN_POINT('',(0.1339,-0.105000000000001,-0.003175));
#3082=CARTESIAN_POINT('',(0.133901292144676,-0.124125574832005,-2.00000000000005E-6));
#3083=CARTESIAN_POINT('',(0.133902584289353,-0.124250633060581,-2.00000000000005E-6));
#3084=CARTESIAN_POINT('',(0.133902584289353,-0.124250633060581,-0.003175));
#3085=CARTESIAN_POINT('',(0.133901292144676,-0.124125574832005,-0.003175));
#3086=CARTESIAN_POINT('',(0.14000000063115,-0.1239999993688,-2.00000000000005E-6));
#3087=CARTESIAN_POINT('',(0.139749366940976,-0.130097415710663,-2.00000000000005E-6));
#3088=CARTESIAN_POINT('',(0.139749366940976,-0.130097415710663,-0.003175));
#3089=CARTESIAN_POINT('',(0.14000000063115,-0.1239999993688,-0.003175));
#3090=CARTESIAN_POINT('',(0.139874425168774,-0.130098707855332,-2.00000000000005E-6));
#3091=CARTESIAN_POINT('',(0.139999483396573,-0.1301,-2.00000000000005E-6));
#3092=CARTESIAN_POINT('',(0.139999483396573,-0.1301,-0.003175));
#3093=CARTESIAN_POINT('',(0.139874425168774,-0.130098707855332,-0.003175));
#3094=CARTESIAN_POINT('',(0.159,-0.1301,-2.00000000000005E-6));
#3095=CARTESIAN_POINT('',(0.178000516603427,-0.1301,-2.00000000000005E-6));
#3096=CARTESIAN_POINT('',(0.178000516603427,-0.1301,-0.003175));
#3097=CARTESIAN_POINT('',(0.159,-0.1301,-0.003175));
#3098=CARTESIAN_POINT('',(0.178125574831219,-0.130098707855332,-2.00000000000005E-6));
#3099=CARTESIAN_POINT('',(0.178125574831219,-0.130098707855332,-0.003175));
#3100=CARTESIAN_POINT('',(0.1340012815,-0.085875972,0.01442));
#3101=CARTESIAN_POINT('',(0.134002563,-0.085751944,0.01442));
#3102=CARTESIAN_POINT('',(0.134002563,-0.085751944,0.01442));
#3103=CARTESIAN_POINT('',(0.1340012815,-0.085875972,0.01442));
#3104=CARTESIAN_POINT('',(0.14000000063115,-0.08600000063115,0.01442));
#3105=CARTESIAN_POINT('',(0.139751944,-0.0800025629999975,0.01442));
#3106=CARTESIAN_POINT('',(0.139751944,-0.0800025629999975,0.01442));
#3107=CARTESIAN_POINT('',(0.14000000063115,-0.08600000063115,0.01442));
#3108=CARTESIAN_POINT('',(0.139875972,-0.0800012815,0.01442));
#3109=CARTESIAN_POINT('',(0.139875972,-0.0800012815,0.01442));
#3110=CARTESIAN_POINT('',(0.1839987185,-0.124124028,0.01442));
#3111=CARTESIAN_POINT('',(0.183997437,-0.124248056,0.01442));
#3112=CARTESIAN_POINT('',(0.183997437,-0.124248056,0.01442));
#3113=CARTESIAN_POINT('',(0.1839987185,-0.124124028,0.01442));
#3114=CARTESIAN_POINT('',(0.17799999936884,-0.1239999993688,0.01442));
#3115=CARTESIAN_POINT('',(0.178248055999998,-0.129997436999952,0.01442));
#3116=CARTESIAN_POINT('',(0.178248055999998,-0.129997436999952,0.01442));
#3117=CARTESIAN_POINT('',(0.17799999936884,-0.1239999993688,0.01442));
#3118=CARTESIAN_POINT('',(0.178124028,-0.1299987185,0.01442));
#3119=CARTESIAN_POINT('',(0.178124028,-0.1299987185,0.01442));
#3120=CARTESIAN_POINT('',(0.139875972000001,-0.1299987185,0.01442));
#3121=CARTESIAN_POINT('',(0.139751944000001,-0.129997437,0.01442));
#3122=CARTESIAN_POINT('',(0.139751944000001,-0.129997437,0.01442));
#3123=CARTESIAN_POINT('',(0.139875972000001,-0.1299987185,0.01442));
#3124=CARTESIAN_POINT('',(0.14000000063115,-0.1239999993688,0.01442));
#3125=CARTESIAN_POINT('',(0.134002563,-0.124248056,0.01442));
#3126=CARTESIAN_POINT('',(0.134002563,-0.124248056,0.01442));
#3127=CARTESIAN_POINT('',(0.14000000063115,-0.1239999993688,0.01442));
#3128=CARTESIAN_POINT('',(0.1340012815,-0.124124028,0.01442));
#3129=CARTESIAN_POINT('',(0.1340012815,-0.124124028,0.01442));
#3130=CARTESIAN_POINT('',(0.159,-0.105,0.01442));
#3131=CARTESIAN_POINT('',(0.133,-0.111302,0.011245));
#3132=CARTESIAN_POINT('',(0.133,-0.0952,0.011245));
#3133=CARTESIAN_POINT('',(0.132,-0.1083,0.011245));
#3134=CARTESIAN_POINT('',(0.133,-0.0952,0.008245));
#3135=CARTESIAN_POINT('',(0.133,-0.1083,0.008245));
#3136=CARTESIAN_POINT('',(0.133,-0.1083,0.00466));
#3137=CARTESIAN_POINT('',(0.159,-0.0952,0.00466));
#3138=CARTESIAN_POINT('',(0.,0.,-0.003175));
#3139=CARTESIAN_POINT('',(0.15971,-0.1295,0.00566));
#3140=CARTESIAN_POINT('',(0.15971,-0.1295,-0.00084));
#3141=CARTESIAN_POINT('',(0.15971,-0.1295,0.00766));
#3142=CARTESIAN_POINT('',(0.159,-0.1295,0.00766));
#3143=CARTESIAN_POINT('',(0.17365,-0.1295,0.00766));
#3144=CARTESIAN_POINT('',(0.159,-0.1295,-0.00084));
#3145=CARTESIAN_POINT('',(0.17365,-0.1295,-0.00084));
#3146=CARTESIAN_POINT('',(0.17365,-0.1295,0.00166));
#3147=CARTESIAN_POINT('',(0.178124028,-0.1299987185,0.00181));
#3148=CARTESIAN_POINT('',(0.178124028,-0.1299987185,0.00181));
#3149=CARTESIAN_POINT('',(0.178248056,-0.129997437,0.00181));
#3150=CARTESIAN_POINT('',(0.178248056,-0.129997437,0.00181));
#3151=CARTESIAN_POINT('',(0.17799999936884,-0.1239999993688,0.00181));
#3152=CARTESIAN_POINT('',(0.17799999936884,-0.1239999993688,0.00181));
#3153=CARTESIAN_POINT('',(0.18399743699999,-0.124248056,0.00181));
#3154=CARTESIAN_POINT('',(0.18399743699999,-0.124248056,0.00181));
#3155=CARTESIAN_POINT('',(0.1839987185,-0.124124028,0.00181));
#3156=CARTESIAN_POINT('',(0.1839987185,-0.124124028,0.00181));
#3157=CARTESIAN_POINT('',(0.15899875,-0.10499875,0.00181));
#3158=CARTESIAN_POINT('',(0.1340012815,-0.124124028,0.00181));
#3159=CARTESIAN_POINT('',(0.1340012815,-0.124124028,0.00181));
#3160=CARTESIAN_POINT('',(0.134002563,-0.124248056,0.00181));
#3161=CARTESIAN_POINT('',(0.134002563,-0.124248056,0.00181));
#3162=CARTESIAN_POINT('',(0.14000000063115,-0.1239999993688,0.00181));
#3163=CARTESIAN_POINT('',(0.14000000063115,-0.1239999993688,0.00181));
#3164=CARTESIAN_POINT('',(0.139751944000001,-0.129997437,0.00181));
#3165=CARTESIAN_POINT('',(0.139751944000001,-0.129997437,0.00181));
#3166=CARTESIAN_POINT('',(0.139875972000001,-0.1299987185,0.00181));
#3167=CARTESIAN_POINT('',(0.139875972000001,-0.1299987185,0.00181));
#3168=CARTESIAN_POINT('',(0.15899875,-0.10499875,0.00181));
#3169=CARTESIAN_POINT('',(0.139751944,-0.080002563,0.00181));
#3170=CARTESIAN_POINT('',(0.139751944,-0.080002563,0.00181));
#3171=CARTESIAN_POINT('',(0.139751943999919,-0.0800025630000008,0.00181));
#3172=CARTESIAN_POINT('',(0.139751943999919,-0.0800025630000008,0.00181));
#3173=CARTESIAN_POINT('',(0.14000000063115,-0.08600000063115,0.00181));
#3174=CARTESIAN_POINT('',(0.14000000063115,-0.08600000063115,0.00181));
#3175=CARTESIAN_POINT('',(0.134002563000001,-0.0857519439999184,0.00181));
#3176=CARTESIAN_POINT('',(0.134002563000001,-0.0857519439999184,0.00181));
#3177=CARTESIAN_POINT('',(0.134,-0.086,0.00181));
#3178=CARTESIAN_POINT('',(0.134,-0.086,0.00181));
#3179=CARTESIAN_POINT('',(0.15899875,-0.10499875,0.00181));
#3180=MECHANICAL_DESIGN_GEOMETRIC_PRESENTATION_REPRESENTATION('',(#1929),
#3181);
#3181=(
GEOMETRIC_REPRESENTATION_CONTEXT(3)
GLOBAL_UNCERTAINTY_ASSIGNED_CONTEXT((#3182))
GLOBAL_UNIT_ASSIGNED_CONTEXT((#3185,#3184,#3183))
REPRESENTATION_CONTEXT('v2_case','TOP_LEVEL_ASSEMBLY_PART')
);
#3182=UNCERTAINTY_MEASURE_WITH_UNIT(LENGTH_MEASURE(2.2E-7),#3185,
'DISTANCE_ACCURACY_VALUE','Maximum Tolerance applied to model');
#3183=(
NAMED_UNIT(*)
SI_UNIT($,.STERADIAN.)
SOLID_ANGLE_UNIT()
);
#3184=(
NAMED_UNIT(*)
PLANE_ANGLE_UNIT()
SI_UNIT($,.RADIAN.)
);
#3185=(
LENGTH_UNIT()
NAMED_UNIT(*)
SI_UNIT($,.METRE.)
);
#3186=PRODUCT_DEFINITION_SHAPE('','',#3187);
#3187=PRODUCT_DEFINITION('','',#3189,#3188);
#3188=PRODUCT_DEFINITION_CONTEXT('',#3195,'design');
#3189=PRODUCT_DEFINITION_FORMATION_WITH_SPECIFIED_SOURCE('','',#3191,
 .NOT_KNOWN.);
#3190=PRODUCT_RELATED_PRODUCT_CATEGORY('','',(#3191));
#3191=PRODUCT('v2_case','v2_case','v2_case',(#3193));
#3192=PRODUCT_CATEGORY('','');
#3193=PRODUCT_CONTEXT('',#3195,'mechanical');
#3194=APPLICATION_PROTOCOL_DEFINITION('international standard',
'ap242_managed_model_based_3d_engineering',2020,#3195);
#3195=APPLICATION_CONTEXT('managed model based 3d engineering');
ENDSEC;
END-ISO-10303-21;
